model,dataset,prompt_type,llm_mean,llm_median,llm_std,llm_consensus_rate,st_mean,st_median,st_std,st_success_rate,agreement_rate,both_success_rate,neither_success_rate,combined_score
GPT3.5,Dataset_DeadCode_Description,Description_Fewshot,0.2894,0.175,0.3123421841506523,0.236,0.42527896159887313,0.42253513634204865,0.15601339410948784,0.308,0.672,0.108,0.564,0.35733948079943656
GPT3.5,Dataset_DeadCode_Description,Description_Simple,0.2798,0.2,0.29285142990943375,0.232,0.42193478903174403,0.4091363847255707,0.17398331194157515,0.34,0.732,0.152,0.58,0.350867394515872
GPT3.5,Dataset_DeadCode_Description,Description_Reason,0.2722,0.2,0.27963755112645367,0.224,0.4060467965900898,0.394485205411911,0.15994385735051028,0.284,0.724,0.116,0.608,0.3391233982950449
GPT3.5,Dataset_DeadCode_Description,Description_Vague,0.277,0.2,0.2867420443534572,0.236,0.3268827674686909,0.31673741340637207,0.15001901098343184,0.148,0.752,0.068,0.684,0.3019413837343454
GPT3.5,Dataset_DeadCode_Description,Description_Detailed,0.2764,0.15,0.29034985793004964,0.26,0.318538580827415,0.3076587915420532,0.14903831994911437,0.108,0.736,0.052,0.684,0.2974692904137075
GPT3.5,Dataset_Encryption_Description,Description_Simple,0.12440000000000001,0.05,0.22073658509635416,0.084,0.3233515655100346,0.29823310673236847,0.16454551374886459,0.156,0.8,0.02,0.78,0.2238757827550173
GPT3.5,Dataset_Encryption_Description,Description_Fewshot,0.10479999999999999,0.025,0.17645668023625516,0.056,0.33733254741132257,0.3247726559638977,0.15750016188984148,0.148,0.836,0.02,0.816,0.2210662737056613
GPT3.5,Dataset_Encryption_Description,Description_Reason,0.1142,0.0,0.19403185305511053,0.06,0.30581229300796986,0.287728026509285,0.14583338486795683,0.108,0.872,0.02,0.852,0.21000614650398491
GPT3.5,Dataset_Encryption_Description,Description_Vague,0.1368,0.05,0.2310103028005461,0.088,0.282621962569654,0.2664676606655121,0.1307245320432542,0.076,0.868,0.016,0.852,0.209710981284827
GPT3.5,Dataset_Encryption_Description,Description_Detailed,0.109,0.0,0.2025067900096192,0.064,0.27865373487956824,0.2607952654361725,0.1444724130862854,0.092,0.868,0.012,0.856,0.1938268674397841
GPT3.5,Dataset_With_Comments_Description,Description_Simple,0.452,0.45,0.3209610568277716,0.448,0.4947705951035023,0.49450333416461945,0.1602645837741799,0.492,0.596,0.268,0.328,0.4733852975517512
GPT3.5,Dataset_With_Comments_Description,Description_Fewshot,0.4476,0.45,0.3111177269137842,0.46,0.48160968445241453,0.4898586869239807,0.16353530660655083,0.48,0.604,0.272,0.332,0.46460484222620724
GPT3.5,Dataset_With_Comments_Description,Description_Reason,0.4482,0.42500000000000004,0.30223626519661734,0.464,0.47623988461494443,0.48041512072086334,0.16086238562400051,0.468,0.572,0.252,0.32,0.4622199423074722
GPT3.5,Dataset_Without_Comments_Description,Description_Simple,0.4104,0.4,0.32977543874582294,0.428,0.49216274482011796,0.49465520679950714,0.16491246865897563,0.488,0.596,0.256,0.34,0.45128137241005895
GPT3.5,Dataset_Without_Comments_Description,Description_Fewshot,0.3946,0.35,0.3054518620011998,0.396,0.48105264773964884,0.48221537470817566,0.1532500251735627,0.456,0.564,0.208,0.356,0.43782632386982445
GPT3.5,Dataset_Without_Comments_Description,Description_Reason,0.3842,0.4,0.29698545418925826,0.38,0.4437793981432915,0.4263713210821152,0.1563466481056003,0.36,0.612,0.176,0.436,0.41398969907164573
GPT3.5,Variable_Renaming_Description,Description_Simple,0.2902,0.2,0.29392849470577026,0.276,0.404710274040699,0.3955606669187546,0.1693849712781712,0.3,0.696,0.136,0.56,0.34745513702034947
GPT3.5,Variable_Renaming_Description,Description_Fewshot,0.274,0.2,0.28415488734139344,0.236,0.41774216966331007,0.4041041135787964,0.1615841903173409,0.324,0.68,0.12,0.56,0.3458710848316551
GPT3.5,Variable_Renaming_Description,Description_Reason,0.2938,0.225,0.27991348663471005,0.284,0.38608206176757814,0.38415905833244324,0.15916765078980924,0.236,0.744,0.132,0.612,0.3399410308837891
GPT3.5,Variable_Renaming_Description,Description_Detailed,0.287,0.2,0.289967239528882,0.272,0.3524138970039785,0.3460101932287216,0.16256784873604344,0.196,0.708,0.088,0.62,0.3197069485019892
GPT3.5,Variable_Renaming_Description,Description_Vague,0.29760000000000003,0.2,0.2993897793846677,0.28,0.2845593353956938,0.26526616513729095,0.15027034241980378,0.096,0.744,0.06,0.684,0.2910796676978469
GPT4o,Dataset_DeadCode_Description,Description_Fewshot,0.4998,0.5,0.3052375468385238,0.508,0.48414004147052764,0.48670919239521027,0.15853688026225096,0.468,0.544,0.26,0.284,0.49197002073526386
GPT4o,Dataset_DeadCode_Description,Description_Simple,0.471,0.45,0.2997815871597187,0.496,0.46145542688295244,0.46704189479351044,0.15543893512422555,0.42,0.604,0.26,0.344,0.4662277134414762
GPT4o,Dataset_DeadCode_Description,Description_Reason,0.485,0.45,0.29692591668630075,0.492,0.41563801215589047,0.40129129588603973,0.1755035642325218,0.352,0.548,0.196,0.352,0.4503190060779452
GPT4o,Dataset_DeadCode_Description,Description_Detailed,0.4682,0.45,0.28138720653220894,0.484,0.40378446522355077,0.40473949909210205,0.1796424021028433,0.332,0.592,0.204,0.388,0.4359922326117754
GPT4o,Dataset_DeadCode_Description,Description_Vague,0.483,0.45,0.28096441055763627,0.492,0.25877113585267214,0.23844856023788452,0.1583494801153602,0.104,0.564,0.08,0.484,0.3708855679263361
GPT4o,Dataset_Encryption_Description,Description_Fewshot,0.2236,0.1,0.2537775403773943,0.16,0.4033700354397297,0.4039449542760849,0.1653147330981056,0.272,0.712,0.072,0.64,0.31348501771986487
GPT4o,Dataset_Encryption_Description,Description_Simple,0.2256,0.1,0.25507771364821347,0.144,0.38592091266810896,0.37458983063697815,0.15481442949306182,0.216,0.792,0.076,0.716,0.30576045633405446
GPT4o,Dataset_Encryption_Description,Description_Reason,0.2042,0.1,0.23603465847201338,0.152,0.3039695473909378,0.27400974929332733,0.16409944396060516,0.128,0.792,0.036,0.756,0.2540847736954689
GPT4o,Dataset_Encryption_Description,Description_Detailed,0.2002,0.1,0.23466989581111591,0.136,0.2957467363551259,0.26951780915260315,0.1601582527424049,0.128,0.816,0.04,0.776,0.24797336817756294
GPT4o,Dataset_Encryption_Description,Description_Vague,0.2094,0.1,0.24795491525678615,0.16,0.27763266073726117,0.2494926005601883,0.15479352344877473,0.104,0.808,0.036,0.772,0.24351633036863057
GPT4o,Dataset_With_Comments_Description,Description_Fewshot,0.5498,0.55,0.26235464547059195,0.616,0.5127036617398262,0.5273987650871277,0.15262500773915513,0.54,0.604,0.38,0.224,0.531251830869913
GPT4o,Dataset_With_Comments_Description,Description_Simple,0.552,0.55,0.2547469332494505,0.6,0.4935312897861004,0.4999055564403534,0.14065335955739638,0.496,0.584,0.34,0.244,0.5227656448930502
GPT4o,Dataset_With_Comments_Description,Description_Reason,0.5516,0.6,0.27556748719687524,0.636,0.48825364977121355,0.48858824372291565,0.15310839149159058,0.484,0.552,0.336,0.216,0.5199268248856068
GPT4o,Dataset_Without_Comments_Description,Description_Fewshot,0.5714,0.6,0.266368241350203,0.668,0.5260586499869824,0.5378556251525879,0.1467031243838318,0.572,0.568,0.404,0.164,0.5487293249934913
GPT4o,Dataset_Without_Comments_Description,Description_Reason,0.581,0.6,0.27219294627157403,0.66,0.4663063464015722,0.46584266424179077,0.16036287321310422,0.416,0.532,0.304,0.228,0.5236531732007861
GPT4o,Dataset_Without_Comments_Description,Description_Simple,0.5452,0.55,0.2667526194810465,0.588,0.4921722665429115,0.4923599362373352,0.14293777850775954,0.492,0.552,0.316,0.236,0.5186861332714557
GPT4o,Variable_Renaming_Description,Description_Fewshot,0.46940000000000004,0.45,0.29467548252272363,0.496,0.4863426896929741,0.49500738084316254,0.16715965803369665,0.496,0.656,0.324,0.332,0.4778713448464871
GPT4o,Variable_Renaming_Description,Description_Simple,0.48819999999999997,0.5,0.31149760833752804,0.536,0.46457861560583114,0.4733419865369797,0.1631931704776816,0.416,0.68,0.316,0.364,0.47638930780291555
GPT4o,Variable_Renaming_Description,Description_Detailed,0.49040000000000006,0.45,0.30256873599233614,0.488,0.4097956957668066,0.41566984355449677,0.19856482792492508,0.368,0.592,0.224,0.368,0.45009784788340335
GPT4o,Variable_Renaming_Description,Description_Reason,0.48,0.45,0.30740852297878796,0.492,0.38847265439480544,0.3899003565311432,0.17862934661261803,0.292,0.624,0.204,0.42,0.4342363271974027
GPT4o,Variable_Renaming_Description,Description_Vague,0.462,0.45,0.3178616051051149,0.48,0.3668904428109527,0.3288123160600662,0.19293945467895368,0.276,0.596,0.176,0.42,0.41444522140547635
Gemini,Dataset_DeadCode_Description,Description_Simple,0.6952,0.75,0.2740017518192174,0.804,0.5073204532861709,0.5238543152809143,0.15465216881847546,0.556,0.6,0.48,0.12,0.6012602266430855
Gemini,Dataset_DeadCode_Description,Description_Fewshot,0.6746,0.75,0.2688955931211964,0.752,0.5226400485336781,0.5515037477016449,0.1533571747279694,0.564,0.564,0.44,0.124,0.598620024266839
Gemini,Dataset_DeadCode_Description,Description_Detailed,0.6844,0.8,0.27385514419123114,0.756,0.45143934962153437,0.4661673307418823,0.17494761852308163,0.44,0.532,0.364,0.168,0.5679196748107672
Gemini,Dataset_DeadCode_Description,Description_Reason,0.6904,0.75,0.26059132756099157,0.788,0.42854530112445355,0.45019035041332245,0.1915249900869467,0.392,0.484,0.332,0.152,0.5594726505622267
Gemini,Dataset_DeadCode_Description,Description_Vague,0.6888,0.75,0.2768294781991253,0.788,0.37708226796984673,0.37347742915153503,0.1815487159154092,0.308,0.44,0.268,0.172,0.5329411339849234
Gemini,Dataset_Encryption_Description,Description_Fewshot,0.605,0.65,0.29455899239371386,0.7,0.5396243531703949,0.5498912632465363,0.144712588884496,0.664,0.668,0.516,0.152,0.5723121765851975
Gemini,Dataset_Encryption_Description,Description_Simple,0.5932000000000001,0.6,0.29958931890172585,0.684,0.49048450526595117,0.5063614845275879,0.1499874698731639,0.524,0.552,0.38,0.172,0.5418422526329756
Gemini,Dataset_Encryption_Description,Description_Reason,0.582,0.6,0.29243118848713795,0.664,0.47371566082537175,0.4925708621740341,0.1524570644362636,0.48,0.584,0.364,0.22,0.5278578304126859
Gemini,Dataset_Encryption_Description,Description_Vague,0.6082000000000001,0.625,0.28309496639820353,0.704,0.39633748534321783,0.39239755272865295,0.16189855354652374,0.308,0.484,0.248,0.236,0.5022687426716089
Gemini,Dataset_Encryption_Description,Description_Detailed,0.5906,0.6499999999999999,0.3077363156990088,0.676,0.3849583772309125,0.37095676362514496,0.17033238207427628,0.28,0.46,0.208,0.252,0.4877791886154562
Gemini,Dataset_With_Comments_Description,Description_Simple,0.7186,0.8,0.2352531402553428,0.82,0.5625604504942894,0.5672616064548492,0.147745818739825,0.668,0.616,0.552,0.064,0.6405802252471446
Gemini,Dataset_With_Comments_Description,Description_Fewshot,0.6938,0.75,0.2485790819839835,0.796,0.5705160357356072,0.5853769481182098,0.14354028664368798,0.692,0.696,0.592,0.104,0.6321580178678036
Gemini,Dataset_With_Comments_Description,Description_Reason,0.687,0.75,0.2444606307772276,0.784,0.5410661121606827,0.5550388991832733,0.13762894013733348,0.64,0.664,0.544,0.12,0.6140330560803413
Gemini,Dataset_Without_Comments_Description,Description_Fewshot,0.7248,0.8,0.22513320501427592,0.824,0.5809381266832352,0.5858849287033081,0.1335542397566742,0.708,0.676,0.604,0.072,0.6528690633416177
Gemini,Dataset_Without_Comments_Description,Description_Reason,0.7338,0.8,0.22945056112374185,0.852,0.5424161103367805,0.5503731667995453,0.13636671279311735,0.616,0.62,0.544,0.076,0.6381080551683902
Gemini,Dataset_Without_Comments_Description,Description_Simple,0.703,0.8,0.2468217980649197,0.784,0.5683080715537071,0.5831850171089172,0.14546459766290054,0.696,0.656,0.568,0.088,0.6356540357768535
Gemini,Variable_Renaming_Description,Description_Fewshot,0.7213999999999999,0.8,0.2529269459745244,0.812,0.5713323369622231,0.5823654234409332,0.14727106298636639,0.696,0.684,0.596,0.088,0.6463661684811115
Gemini,Variable_Renaming_Description,Description_Simple,0.6886,0.75,0.26851450612583294,0.792,0.5420155670046807,0.5542264878749847,0.15549412733438556,0.636,0.644,0.536,0.108,0.6153077835023404
Gemini,Variable_Renaming_Description,Description_Reason,0.7056,0.8,0.26032410568366504,0.812,0.5243969678878784,0.543069988489151,0.155738352377144,0.588,0.632,0.516,0.116,0.6149984839439392
Gemini,Variable_Renaming_Description,Description_Detailed,0.6982,0.8,0.27818475874856985,0.792,0.46945263870060444,0.4756193906068802,0.17672817159361992,0.468,0.524,0.392,0.132,0.5838263193503023
Gemini,Variable_Renaming_Description,Description_Vague,0.7076,0.8,0.27037425912982177,0.816,0.4244337248802185,0.43409061431884766,0.18534097164536936,0.38,0.444,0.32,0.124,0.5660168624401093
LlamaVL,Data_With_Comments_Description,Description_Reason,0.019399999999999997,0.0,0.07492422839108856,0.008,0.25747643707692625,0.23565662652254105,0.16159276926790145,0.092,0.908,0.004,0.904,0.1384382185384631
LlamaVL,Data_With_Comments_Description,Description_Simple,0.0174,0.0,0.07202249648547321,0.008,0.2111364112123847,0.16390226781368256,0.1755645518546302,0.084,0.916,0.004,0.912,0.11426820560619234
LlamaVL,Data_With_Comments_Description,Description_Fewshot,0.014,0.0,0.061676575780437094,0.004,0.17375207975506782,0.15245503187179565,0.12584816146088662,0.008,0.988,0.0,0.988,0.09387603987753391
LlamaVL,Data_Without_Comments_Description,Description_Reason,0.004,0.0,0.038522720568516446,0.004,0.19436217181757093,0.18087530136108398,0.10797591238201544,0.008,0.988,0.0,0.988,0.09918108590878547
LlamaVL,Data_Without_Comments_Description,Description_Fewshot,0.003,0.0,0.035227829907617074,0.004,0.1758568503819406,0.16340168565511703,0.12290643294045273,0.008,0.988,0.0,0.988,0.0894284251909703
LlamaVL,Data_Without_Comments_Description,Description_Simple,0.001,0.0,0.0157797338380595,0.0,0.14658089075796307,0.1336345225572586,0.12366879538576135,0.012,0.988,0.0,0.988,0.07379044537898154
LlamaVL,Dataset_DeadCode_Description,Description_Reason,0.005,0.0,0.04716990566028302,0.008,0.18817811001837254,0.18178875744342804,0.09565599901301852,0.0,0.992,0.0,0.992,0.09658905500918627
LlamaVL,Dataset_DeadCode_Description,Description_Detailed,0.001,0.0,0.0157797338380595,0.0,0.1912056001201272,0.18818120658397675,0.1018514320085367,0.008,0.992,0.0,0.992,0.0961028000600636
LlamaVL,Dataset_DeadCode_Description,Description_Fewshot,0.0,0.0,0.0,0.0,0.17332841497659685,0.15996506810188293,0.12420105883377741,0.008,0.992,0.0,0.992,0.08666420748829842
LlamaVL,Dataset_DeadCode_Description,Description_Vague,0.003,0.0,0.027221315177632398,0.0,0.16881589679419995,0.16296714544296265,0.08424306649276442,0.0,1.0,0.0,1.0,0.08590794839709998
LlamaVL,Dataset_DeadCode_Description,Description_Simple,0.001,0.0,0.0157797338380595,0.0,0.11425543522648514,0.090681292116642,0.1117972708178212,0.004,0.996,0.0,0.996,0.05762771761324257
LlamaVL,Dataset_Encryption_Description,Description_Reason,0.002,0.0,0.031559467676119,0.004,0.18747360346466302,0.174456387758255,0.1004264431292871,0.0,0.996,0.0,0.996,0.09473680173233151
LlamaVL,Dataset_Encryption_Description,Description_Fewshot,0.002,0.0,0.031559467676119,0.004,0.17412370560877025,0.15571659803390503,0.12468878558262904,0.004,1.0,0.004,0.996,0.08806185280438512
LlamaVL,Dataset_Encryption_Description,Description_Vague,0.0,0.0,0.0,0.0,0.17298733499273658,0.1599983423948288,0.08188955613111734,0.0,1.0,0.0,1.0,0.08649366749636829
LlamaVL,Dataset_Encryption_Description,Description_Detailed,0.0,0.0,0.0,0.0,0.12929332069121302,0.12495454400777817,0.0895680814243169,0.0,1.0,0.0,1.0,0.06464666034560651
LlamaVL,Dataset_Encryption_Description,Description_Simple,0.0,0.0,0.0,0.0,0.11178643903508782,0.10377626866102219,0.0997603594358278,0.0,1.0,0.0,1.0,0.05589321951754391
LlamaVL,Dataset_With_Comments_Description,Description_Reason,0.019399999999999997,0.0,0.07492422839108856,0.008,0.25747643707692625,0.23565662652254105,0.16159276926790145,0.092,0.908,0.004,0.904,0.1384382185384631
LlamaVL,Dataset_With_Comments_Description,Description_Simple,0.0174,0.0,0.07202249648547321,0.008,0.2111364112123847,0.16390226781368256,0.1755645518546302,0.084,0.916,0.004,0.912,0.11426820560619234
LlamaVL,Dataset_With_Comments_Description,Description_Fewshot,0.014,0.0,0.061676575780437094,0.004,0.17375207975506782,0.15245503187179565,0.12584816146088662,0.008,0.988,0.0,0.988,0.09387603987753391
LlamaVL,Dataset_Without_Comments_Description,Description_Reason,0.004,0.0,0.038522720568516446,0.004,0.19436217181757093,0.18087530136108398,0.10797591238201544,0.008,0.988,0.0,0.988,0.09918108590878547
LlamaVL,Dataset_Without_Comments_Description,Description_Fewshot,0.003,0.0,0.035227829907617074,0.004,0.1758568503819406,0.16340168565511703,0.12290643294045273,0.008,0.988,0.0,0.988,0.0894284251909703
LlamaVL,Dataset_Without_Comments_Description,Description_Simple,0.001,0.0,0.0157797338380595,0.0,0.14658089075796307,0.1336345225572586,0.12366879538576135,0.012,0.988,0.0,0.988,0.07379044537898154
LlamaVL,Variable_Renaming_Description,Description_Detailed,0.0034,0.0,0.03575527933047091,0.004,0.19759337026625873,0.18828068673610687,0.09405133745178454,0.004,0.992,0.0,0.992,0.10049668513312936
LlamaVL,Variable_Renaming_Description,Description_Reason,0.0,0.0,0.0,0.0,0.17788840244337917,0.1582283228635788,0.09666897671602881,0.008,0.992,0.0,0.992,0.08894420122168958
LlamaVL,Variable_Renaming_Description,Description_Fewshot,0.0,0.0,0.0,0.0,0.176429174519144,0.15669720619916916,0.12432061298004385,0.004,0.996,0.0,0.996,0.088214587259572
LlamaVL,Variable_Renaming_Description,Description_Vague,0.0,0.0,0.0,0.0,0.1695229490250349,0.1589701771736145,0.09643828595837628,0.008,0.992,0.0,0.992,0.08476147451251745
LlamaVL,Variable_Renaming_Description,Description_Simple,0.003,0.0,0.035227829907617074,0.004,0.12577246646210552,0.11166441440582275,0.11619467790849414,0.008,0.988,0.0,0.988,0.06438623323105276
O4-mini,Dataset_DeadCode_Description,Description_Simple,0.6696,0.7,0.31729456345799556,0.7,0.5289728391766548,0.5402350723743439,0.15451594365619653,0.608,0.588,0.448,0.14,0.5992864195883274
O4-mini,Dataset_DeadCode_Description,Description_Reason,0.6666,0.7,0.31488798008180624,0.7,0.5253305366933346,0.5438284277915955,0.1457544478370823,0.576,0.548,0.412,0.136,0.5959652683466673
O4-mini,Dataset_DeadCode_Description,Description_Fewshot,0.6742,0.7,0.30974886601890894,0.732,0.5003249098062515,0.4965807795524597,0.15051621228467377,0.496,0.532,0.38,0.152,0.5872624549031258
O4-mini,Dataset_DeadCode_Description,Description_Detailed,0.6577999999999999,0.7,0.3113666006494595,0.74,0.449585309356451,0.46321606636047363,0.16669744885358095,0.416,0.508,0.332,0.176,0.5536926546782255
O4-mini,Dataset_DeadCode_Description,Description_Vague,0.6764,0.7,0.3124788632851829,0.748,0.29052793378382924,0.2810673117637634,0.1549175187806385,0.104,0.3,0.076,0.224,0.4834639668919146
O4-mini,Dataset_Encryption_Description,Description_Reason,0.574,0.55,0.31289614890567125,0.616,0.47800871580839155,0.4687251150608063,0.15490345042716466,0.456,0.576,0.324,0.252,0.5260043579041958
O4-mini,Dataset_Encryption_Description,Description_Fewshot,0.603,0.6,0.31317886263284117,0.66,0.43406473119556904,0.4170656055212021,0.15845553638211063,0.348,0.504,0.256,0.248,0.5185323655977845
O4-mini,Dataset_Encryption_Description,Description_Simple,0.5694,0.55,0.322945258519149,0.652,0.4675509660542011,0.48060600459575653,0.16514872338331277,0.476,0.568,0.348,0.22,0.5184754830271006
O4-mini,Dataset_Encryption_Description,Description_Detailed,0.5792,0.65,0.3393337000652897,0.636,0.3898126055561006,0.38456791639328003,0.16939523665783107,0.276,0.472,0.192,0.28,0.4845063027780503
O4-mini,Dataset_Encryption_Description,Description_Vague,0.5762,0.55,0.3309132212529442,0.616,0.3201178281977773,0.28784117102622986,0.1777984325560771,0.188,0.5,0.152,0.348,0.44815891409888864
O4-mini,Dataset_With_Comments_Description,Description_Simple,0.6577999999999999,0.7,0.29463394237595913,0.724,0.5435313444733619,0.5455605387687683,0.14812076777946137,0.616,0.604,0.472,0.132,0.600665672236681
O4-mini,Dataset_With_Comments_Description,Description_Fewshot,0.6814,0.7,0.2741970824060679,0.78,0.5153899490237236,0.5288004279136658,0.14875615221867927,0.544,0.54,0.432,0.108,0.5983949745118617
O4-mini,Dataset_With_Comments_Description,Description_Reason,0.6406000000000001,0.65,0.2854148559553269,0.724,0.5273458952903748,0.5397325754165649,0.13746213643511487,0.592,0.572,0.444,0.128,0.5839729476451874
O4-mini,Dataset_Without_Comments_Description,Description_Simple,0.6826,0.7,0.28143780840533844,0.772,0.5441544078886509,0.554911196231842,0.14874031731197182,0.644,0.576,0.496,0.08,0.6133772039443255
O4-mini,Dataset_Without_Comments_Description,Description_Reason,0.6826,0.7,0.25974456683441904,0.796,0.531050013422966,0.5369144082069397,0.14111446025138094,0.576,0.564,0.468,0.096,0.606825006711483
O4-mini,Dataset_Without_Comments_Description,Description_Fewshot,0.7008,0.7,0.2713288779322982,0.78,0.512794680416584,0.5265191495418549,0.1449774668411524,0.548,0.576,0.452,0.124,0.606797340208292
O4-mini,Variable_Renaming_Description,Description_Simple,0.6447999999999999,0.7,0.32251040293299066,0.716,0.5319890864491462,0.544585108757019,0.16602925277662753,0.604,0.624,0.472,0.152,0.5883945432245731
O4-mini,Variable_Renaming_Description,Description_Reason,0.6384,0.675,0.30780747229396493,0.684,0.5190650470852852,0.5301952064037323,0.14987364194023606,0.568,0.564,0.408,0.156,0.5787325235426426
O4-mini,Variable_Renaming_Description,Description_Fewshot,0.6446000000000001,0.7,0.30555006136474594,0.72,0.5012350113987922,0.513533741235733,0.1607332969527892,0.528,0.592,0.42,0.172,0.5729175056993961
O4-mini,Variable_Renaming_Description,Description_Detailed,0.6652,0.7,0.2834236405101028,0.736,0.46487252098321913,0.47634588181972504,0.16774977949930664,0.44,0.52,0.348,0.172,0.5650362604916096
O4-mini,Variable_Renaming_Description,Description_Vague,0.6557999999999999,0.7,0.3180508764333153,0.712,0.4098525862284005,0.41528570652008057,0.176828160503353,0.332,0.468,0.256,0.212,0.5328262931142003
Qwen3VL,Data_With_Comments_Description,Description_Reason,0.37,0.35,0.31006450941699215,0.404,0.4580080027617514,0.4505751132965088,0.1676566328154977,0.4,0.532,0.168,0.364,0.4140040013808757
Qwen3VL,Data_With_Comments_Description,Description_Simple,0.3404,0.32499999999999996,0.3025356838457242,0.316,0.46494671343266963,0.47371597588062286,0.18462534686867646,0.452,0.56,0.164,0.396,0.4026733567163348
Qwen3VL,Data_With_Comments_Description,Description_Fewshot,0.3712,0.35,0.3203288310470976,0.408,0.4027720588892698,0.40305323898792267,0.2038676850434477,0.336,0.584,0.164,0.42,0.3869860294446349
Qwen3VL,Data_Without_Comments_Description,Description_Simple,0.2368,0.15000000000000002,0.2600879851127306,0.208,0.41844797440618275,0.41181807219982147,0.1642048899856647,0.308,0.692,0.104,0.588,0.3276239872030914
Qwen3VL,Data_Without_Comments_Description,Description_Reason,0.2164,0.05,0.26752764343147795,0.204,0.41428141902387144,0.4117308557033539,0.16562779069472308,0.324,0.688,0.108,0.58,0.3153407095119357
Qwen3VL,Data_Without_Comments_Description,Description_Fewshot,0.2114,0.1,0.25238866852535197,0.2,0.39060038489103316,0.3833502233028412,0.1931306521338588,0.308,0.652,0.08,0.572,0.30100019244551657
Qwen3VL,Dataset_DeadCode_Description,Description_Simple,0.06080000000000001,0.0,0.1520636708750647,0.032,0.3209068685211241,0.3068782687187195,0.1620478683114429,0.128,0.872,0.016,0.856,0.19085343426056206
Qwen3VL,Dataset_DeadCode_Description,Description_Fewshot,0.074,0.0,0.17861690849412887,0.052,0.29479862945526836,0.284881129860878,0.17387042829118168,0.14,0.84,0.016,0.824,0.18439931472763418
Qwen3VL,Dataset_DeadCode_Description,Description_Reason,0.06,0.0,0.1374772708486752,0.036,0.3034521765038371,0.29199494421482086,0.15350760692371612,0.132,0.864,0.016,0.848,0.18172608825191855
Qwen3VL,Dataset_DeadCode_Description,Description_Vague,0.060200000000000004,0.0,0.12339351684752323,0.024,0.26762332168221475,0.2547518312931061,0.16046149944518914,0.08,0.904,0.004,0.9,0.16391166084110737
Qwen3VL,Dataset_DeadCode_Description,Description_Detailed,0.0496,0.0,0.1254585190411556,0.024,0.27450999942049387,0.2703402638435364,0.17462776823987233,0.108,0.868,0.0,0.868,0.16205499971024692
Qwen3VL,Dataset_Encryption_Description,Description_Simple,0.0414,0.0,0.11805100592540498,0.024,0.27552638740465046,0.25046783685684204,0.15342329290033618,0.1,0.908,0.016,0.892,0.15846319370232523
Qwen3VL,Dataset_Encryption_Description,Description_Reason,0.056,0.0,0.15140673697032112,0.044,0.24964534210786224,0.2230224758386612,0.15203943506436707,0.064,0.908,0.008,0.9,0.15282267105393113
Qwen3VL,Dataset_Encryption_Description,Description_Fewshot,0.032600000000000004,0.0,0.09893048064171123,0.016,0.2549402046240866,0.22156502306461334,0.1686377664381102,0.104,0.88,0.0,0.88,0.14377010231204332
Qwen3VL,Dataset_Encryption_Description,Description_Detailed,0.045,0.0,0.11876447280226525,0.028,0.21970098797604443,0.20030558854341507,0.14848532522706315,0.056,0.916,0.0,0.916,0.1323504939880222
Qwen3VL,Dataset_Encryption_Description,Description_Vague,0.047200000000000006,0.0,0.10766689370461098,0.012,0.2089412812292576,0.17648427188396454,0.14394881871903584,0.052,0.944,0.004,0.94,0.1280706406146288
Qwen3VL,Dataset_With_Comments_Description,Description_Reason,0.37,0.35,0.31006450941699215,0.404,0.4580080027617514,0.4505751132965088,0.1676566328154977,0.4,0.532,0.168,0.364,0.4140040013808757
Qwen3VL,Dataset_With_Comments_Description,Description_Simple,0.3404,0.32499999999999996,0.3025356838457242,0.316,0.46494671343266963,0.47371597588062286,0.18462534686867646,0.452,0.56,0.164,0.396,0.4026733567163348
Qwen3VL,Dataset_With_Comments_Description,Description_Fewshot,0.3712,0.35,0.3203288310470976,0.408,0.4027720588892698,0.40305323898792267,0.2038676850434477,0.336,0.584,0.164,0.42,0.3869860294446349
Qwen3VL,Dataset_Without_Comments_Description,Description_Simple,0.2368,0.15000000000000002,0.2600879851127306,0.208,0.41844797440618275,0.41181807219982147,0.1642048899856647,0.308,0.692,0.104,0.588,0.3276239872030914
Qwen3VL,Dataset_Without_Comments_Description,Description_Reason,0.2164,0.05,0.26752764343147795,0.204,0.41428141902387144,0.4117308557033539,0.16562779069472308,0.324,0.688,0.108,0.58,0.3153407095119357
Qwen3VL,Dataset_Without_Comments_Description,Description_Fewshot,0.2114,0.1,0.25238866852535197,0.2,0.39060038489103316,0.3833502233028412,0.1931306521338588,0.308,0.652,0.08,0.572,0.30100019244551657
Qwen3VL,Variable_Renaming_Description,Description_Detailed,0.0732,0.0,0.1801159626462907,0.06,0.3538973465189338,0.33896613121032715,0.15924339005801566,0.204,0.776,0.02,0.756,0.2135486732594669
Qwen3VL,Variable_Renaming_Description,Description_Vague,0.07840000000000001,0.0,0.16950940976830756,0.036,0.33156527633219957,0.3262457251548767,0.16007955822658884,0.144,0.852,0.016,0.836,0.2049826381660998
Qwen3VL,Variable_Renaming_Description,Description_Simple,0.07859999999999999,0.0,0.172545762045899,0.052,0.3138977202475071,0.291599377989769,0.17164567330971625,0.168,0.804,0.012,0.792,0.19624886012375356
Qwen3VL,Variable_Renaming_Description,Description_Reason,0.069,0.0,0.16795535120977836,0.04,0.29097958318144085,0.2779138833284378,0.15969670945636158,0.104,0.88,0.012,0.868,0.17998979159072043
Qwen3VL,Variable_Renaming_Description,Description_Fewshot,0.06,0.0,0.13243866504914642,0.032,0.2969446130618453,0.2854321748018265,0.1795357759524818,0.132,0.86,0.012,0.848,0.17847230653092264
codellama,Data_With_Comments_Description,Description_Simple,0.24480000000000002,0.1,0.28953922014124445,0.304,0.3507105631269515,0.3490947186946869,0.2101325570911322,0.28,0.616,0.1,0.516,0.29775528156347575
codellama,Data_With_Comments_Description,Description_Fewshot,0.21980000000000002,0.05,0.28771159170252425,0.268,0.2159948814008385,0.18950167298316956,0.15138346991219487,0.052,0.712,0.016,0.696,0.21789744070041928
codellama,Data_With_Comments_Description,Description_Reason,0.2298,0.05,0.2773120264251084,0.304,0.17961988765001297,0.16205786913633347,0.13059412208346197,0.024,0.696,0.012,0.684,0.20470994382500649
codellama,Data_Without_Comments_Description,Description_Simple,0.16119999999999998,0.0,0.24534579678486443,0.18,0.3579117404893041,0.3480949401855469,0.1981229207721766,0.272,0.676,0.064,0.612,0.25955587024465204
codellama,Data_Without_Comments_Description,Description_Fewshot,0.1784,0.0,0.2624374973207907,0.236,0.2090121862757951,0.19206015765666962,0.13900864339384544,0.036,0.768,0.02,0.748,0.19370609313789755
codellama,Data_Without_Comments_Description,Description_Reason,0.203,0.05,0.2723618916074714,0.268,0.16260205584950746,0.14450105279684067,0.1216494949501906,0.02,0.72,0.004,0.716,0.18280102792475372
codellama,Dataset_DeadCode_Description,Description_Vague,0.0964,0.0,0.19785610933200923,0.1,0.3166993198208511,0.3044039160013199,0.15893918109628155,0.148,0.784,0.016,0.768,0.20654965991042554
codellama,Dataset_DeadCode_Description,Description_Simple,0.1096,0.0,0.20250392588787014,0.12,0.295218998413533,0.29206906259059906,0.19064479148156444,0.164,0.772,0.028,0.744,0.20240949920676649
codellama,Dataset_DeadCode_Description,Description_Detailed,0.1006,0.0,0.20324773061463686,0.132,0.24680116227641702,0.21673650294542313,0.1493404265804652,0.072,0.796,0.0,0.796,0.17370058113820852
codellama,Dataset_DeadCode_Description,Description_Fewshot,0.11259999999999999,0.0,0.2121113858330099,0.144,0.1903074515853077,0.17740850895643234,0.13406146424782658,0.028,0.844,0.008,0.836,0.15145372579265384
codellama,Dataset_DeadCode_Description,Description_Reason,0.114,0.0,0.22267465055546848,0.132,0.17376096745207906,0.16064155846834183,0.11326522066853639,0.012,0.864,0.004,0.86,0.14388048372603954
codellama,Dataset_Encryption_Description,Description_Vague,0.075,0.0,0.18078993334807114,0.1,0.306455761063844,0.2921392172574997,0.15744378549192417,0.116,0.824,0.02,0.804,0.190727880531922
codellama,Dataset_Encryption_Description,Description_Simple,0.07740000000000001,0.0,0.18745463451192665,0.108,0.25029751360230146,0.21812444925308228,0.16506659371752447,0.1,0.808,0.008,0.8,0.16384875680115074
codellama,Dataset_Encryption_Description,Description_Fewshot,0.07540000000000001,0.0,0.18145203222890616,0.124,0.1909952960163355,0.17825867235660553,0.11673092445472384,0.028,0.856,0.004,0.852,0.13319764800816775
codellama,Dataset_Encryption_Description,Description_Detailed,0.0762,0.0,0.1928822438691545,0.096,0.18947510401718318,0.1638256534934044,0.1254096820720791,0.032,0.872,0.0,0.872,0.1328375520085916
codellama,Dataset_Encryption_Description,Description_Reason,0.0876,0.0,0.21224099509755412,0.12,0.17397752967849373,0.16240619122982025,0.11410680297230769,0.016,0.88,0.008,0.872,0.13078876483924687
codellama,Dataset_With_Comments_Description,Description_Simple,0.24480000000000002,0.1,0.28953922014124445,0.304,0.3507105631269515,0.3490947186946869,0.2101325570911322,0.28,0.616,0.1,0.516,0.29775528156347575
codellama,Dataset_With_Comments_Description,Description_Fewshot,0.21980000000000002,0.05,0.28771159170252425,0.268,0.2159948814008385,0.18950167298316956,0.15138346991219487,0.052,0.712,0.016,0.696,0.21789744070041928
codellama,Dataset_With_Comments_Description,Description_Reason,0.2298,0.05,0.2773120264251084,0.304,0.17961988765001297,0.16205786913633347,0.13059412208346197,0.024,0.696,0.012,0.684,0.20470994382500649
codellama,Dataset_Without_Comments_Description,Description_Simple,0.16119999999999998,0.0,0.24534579678486443,0.18,0.3579117404893041,0.3480949401855469,0.1981229207721766,0.272,0.676,0.064,0.612,0.25955587024465204
codellama,Dataset_Without_Comments_Description,Description_Fewshot,0.1784,0.0,0.2624374973207907,0.236,0.2090121862757951,0.19206015765666962,0.13900864339384544,0.036,0.768,0.02,0.748,0.19370609313789755
codellama,Dataset_Without_Comments_Description,Description_Reason,0.203,0.05,0.2723618916074714,0.268,0.16260205584950746,0.14450105279684067,0.1216494949501906,0.02,0.72,0.004,0.716,0.18280102792475372
codellama,Variable_Renaming_Description,Description_Simple,0.1018,0.0,0.20402637084455527,0.116,0.31595585208758714,0.3096220940351486,0.1884213076978881,0.18,0.76,0.028,0.732,0.20887792604379357
codellama,Variable_Renaming_Description,Description_Vague,0.105,0.0,0.19830532015051944,0.1,0.29542516157776116,0.27368511259555817,0.16876025629518618,0.124,0.8,0.012,0.788,0.20021258078888057
codellama,Variable_Renaming_Description,Description_Detailed,0.12040000000000001,0.0,0.21326940708878053,0.152,0.2709764760695398,0.24294812977313995,0.16053079414615176,0.096,0.792,0.02,0.772,0.1956882380347699
codellama,Variable_Renaming_Description,Description_Fewshot,0.11359999999999999,0.0,0.2272774515872615,0.128,0.1889097942560911,0.17780447751283646,0.1211901224282786,0.008,0.864,0.0,0.864,0.15125489712804555
codellama,Variable_Renaming_Description,Description_Reason,0.1082,0.0,0.20494574891907372,0.144,0.1664813644476235,0.15915311872959137,0.09831084479481356,0.004,0.852,0.0,0.852,0.13734068222381174
deepseek-r1,Dataset_DeadCode_Description,Description_Fewshot,0.6828000000000001,0.75,0.2431957236466135,0.788,0.5612349927425384,0.5799261331558228,0.14277286802468664,0.688,0.644,0.56,0.084,0.6220174963712692
deepseek-r1,Dataset_DeadCode_Description,Description_Simple,0.674,0.75,0.25397637685422636,0.804,0.5371564691066741,0.5503576993942261,0.15177932952178488,0.628,0.6,0.516,0.084,0.6055782345533371
deepseek-r1,Dataset_DeadCode_Description,Description_Reason,0.6712,0.75,0.24773082165931634,0.784,0.5237337351441383,0.5357098579406738,0.14078005175363964,0.58,0.644,0.504,0.14,0.5974668675720691
deepseek-r1,Dataset_DeadCode_Description,Description_Detailed,0.679,0.75,0.2589382165691268,0.772,0.49166266539692877,0.5030344128608704,0.14645165254471307,0.516,0.568,0.428,0.14,0.5853313326984644
deepseek-r1,Dataset_DeadCode_Description,Description_Vague,0.6982,0.75,0.2576562826713139,0.796,0.4612104078680277,0.47888927161693573,0.1757405641765521,0.456,0.548,0.4,0.148,0.5797052039340138
deepseek-r1,Dataset_Encryption_Description,Description_Fewshot,0.49240000000000006,0.5,0.29567252155044776,0.508,0.5017878049314022,0.5210024118423462,0.15142943166230802,0.536,0.548,0.296,0.252,0.4970939024657011
deepseek-r1,Dataset_Encryption_Description,Description_Simple,0.5006,0.5,0.3047452050484142,0.548,0.47594077259302137,0.4800553023815155,0.14872146862422217,0.408,0.54,0.248,0.292,0.4882703862965107
deepseek-r1,Dataset_Encryption_Description,Description_Detailed,0.5038,0.5,0.2953228064339089,0.532,0.4703975760638714,0.47670021653175354,0.1521078601975166,0.436,0.592,0.28,0.312,0.48709878803193574
deepseek-r1,Dataset_Encryption_Description,Description_Reason,0.49040000000000006,0.5,0.3076488907829833,0.536,0.4699339470565319,0.47488319873809814,0.14741893034318593,0.424,0.552,0.256,0.296,0.480166973528266
deepseek-r1,Dataset_Encryption_Description,Description_Vague,0.4736,0.5,0.3004047935702758,0.504,0.38666550697386265,0.38706132769584656,0.15956182792336243,0.24,0.56,0.152,0.408,0.43013275348693136
deepseek-r1,Dataset_With_Comments_Description,Description_Fewshot,0.6896,0.75,0.23240447499994488,0.84,0.5621517540216446,0.5637967884540558,0.14017954357077977,0.664,0.64,0.572,0.068,0.6258758770108224
deepseek-r1,Dataset_With_Comments_Description,Description_Simple,0.6636,0.75,0.22811190236373025,0.804,0.5620514216423035,0.5769246816635132,0.1462008436114159,0.664,0.644,0.556,0.088,0.6128257108211517
deepseek-r1,Dataset_With_Comments_Description,Description_Reason,0.686,0.75,0.24253659517689286,0.828,0.535410950422287,0.533551812171936,0.13988174793479985,0.568,0.564,0.48,0.084,0.6107054752111436
deepseek-r1,Dataset_Without_Comments_Description,Description_Fewshot,0.6938000000000001,0.75,0.23197318810586712,0.836,0.5764273525476455,0.5972366333007812,0.13941614186530024,0.688,0.636,0.58,0.056,0.6351136762738228
deepseek-r1,Dataset_Without_Comments_Description,Description_Reason,0.7034,0.75,0.2249409700343626,0.824,0.5419812380671502,0.5506205260753632,0.1399107617298783,0.62,0.604,0.524,0.08,0.622690619033575
deepseek-r1,Dataset_Without_Comments_Description,Description_Simple,0.6646,0.75,0.24490169456334923,0.788,0.5605718887448311,0.5775997340679169,0.1455919034278759,0.672,0.676,0.568,0.108,0.6125859443724155
deepseek-r1,Variable_Renaming_Description,Description_Fewshot,0.6722,0.75,0.24383838910229047,0.78,0.5563639944791794,0.5652470290660858,0.1503544170090847,0.668,0.672,0.56,0.112,0.6142819972395896
deepseek-r1,Variable_Renaming_Description,Description_Simple,0.6742,0.75,0.24593568264893975,0.8,0.5373478905558586,0.5453945994377136,0.15894076315933725,0.588,0.612,0.5,0.112,0.6057739452779294
deepseek-r1,Variable_Renaming_Description,Description_Detailed,0.672,0.75,0.2589131128390372,0.78,0.5275707432031631,0.5395930111408234,0.15156670094442481,0.604,0.64,0.512,0.128,0.5997853716015815
deepseek-r1,Variable_Renaming_Description,Description_Vague,0.6858000000000001,0.75,0.2363648874092766,0.816,0.49838966858386996,0.5295125246047974,0.17484827603141417,0.576,0.624,0.508,0.116,0.592094834291935
deepseek-r1,Variable_Renaming_Description,Description_Reason,0.6474,0.75,0.2542110147102206,0.736,0.5191230180859566,0.5284912586212158,0.1498646834065495,0.564,0.612,0.456,0.156,0.5832615090429782
deepseek-v3.1,Dataset_DeadCode_Description,Description_Simple,0.6752,0.75,0.25695322531542586,0.764,0.54430910217762,0.5626466870307922,0.14729422702462058,0.648,0.644,0.528,0.116,0.60975455108881
deepseek-v3.1,Dataset_DeadCode_Description,Description_Fewshot,0.6536000000000001,0.75,0.24638798672013212,0.768,0.5524836218953133,0.561948150396347,0.15247601721672482,0.656,0.64,0.532,0.108,0.6030418109476567
deepseek-v3.1,Dataset_DeadCode_Description,Description_Reason,0.6838000000000001,0.75,0.24537228857391374,0.804,0.5189391966462136,0.5228794515132904,0.13691260046050935,0.56,0.596,0.48,0.116,0.6013695983231069
deepseek-v3.1,Dataset_DeadCode_Description,Description_Detailed,0.6664,0.75,0.23586233272822518,0.8,0.5216498770415783,0.5273201167583466,0.1510012091677664,0.58,0.604,0.492,0.112,0.5940249385207892
deepseek-v3.1,Dataset_DeadCode_Description,Description_Vague,0.6888000000000001,0.75,0.2363356934531896,0.828,0.20942525241337717,0.18392055481672287,0.1483032316411606,0.04,0.196,0.032,0.164,0.4491126262066886
deepseek-v3.1,Dataset_Encryption_Description,Description_Detailed,0.4172,0.44999999999999996,0.28931671227220873,0.372,0.48551384979486467,0.49129946529865265,0.15591823812918215,0.476,0.6,0.224,0.376,0.45135692489743234
deepseek-v3.1,Dataset_Encryption_Description,Description_Simple,0.4308,0.45,0.304123922110708,0.448,0.4539492192566395,0.4549301564693451,0.1546172271753083,0.412,0.628,0.244,0.384,0.44237460962831976
deepseek-v3.1,Dataset_Encryption_Description,Description_Fewshot,0.39540000000000003,0.375,0.29649424952265097,0.392,0.48523668748140336,0.4855886250734329,0.1578643791526494,0.456,0.6,0.224,0.376,0.44031834374070167
deepseek-v3.1,Dataset_Encryption_Description,Description_Reason,0.4058,0.4,0.2816671084809158,0.38,0.45159518444538116,0.4537103474140167,0.14749219954814338,0.408,0.636,0.212,0.424,0.42869759222269055
deepseek-v3.1,Dataset_Encryption_Description,Description_Vague,0.4208,0.4,0.28990922717292045,0.432,0.401740798830986,0.41269272565841675,0.1553398340629073,0.272,0.6,0.152,0.448,0.41127039941549304
deepseek-v3.1,Dataset_With_Comments_Description,Description_Fewshot,0.6808000000000001,0.75,0.2413946146872378,0.784,0.5672774782776833,0.5910660624504089,0.14643128512870215,0.676,0.652,0.556,0.096,0.6240387391388417
deepseek-v3.1,Dataset_With_Comments_Description,Description_Simple,0.6688000000000001,0.75,0.22809331423783558,0.796,0.5656374403834343,0.5831564962863922,0.1508189681523435,0.672,0.668,0.568,0.1,0.6172187201917172
deepseek-v3.1,Dataset_With_Comments_Description,Description_Reason,0.6538,0.75,0.24761978919302877,0.764,0.538577495276928,0.5490013062953949,0.13997914347761214,0.628,0.632,0.512,0.12,0.596188747638464
deepseek-v3.1,Dataset_Without_Comments_Description,Description_Fewshot,0.6916,0.75,0.2320117238417059,0.812,0.5844146694540977,0.6079070270061493,0.14206062048568535,0.74,0.664,0.608,0.056,0.6380073347270488
deepseek-v3.1,Dataset_Without_Comments_Description,Description_Simple,0.6644,0.75,0.23894066208998418,0.772,0.5759042398929596,0.5977417528629303,0.1516306900301747,0.704,0.644,0.56,0.084,0.6201521199464798
deepseek-v3.1,Dataset_Without_Comments_Description,Description_Reason,0.6742,0.75,0.24228982644758323,0.788,0.5450981504321099,0.5542391538619995,0.1364836822782449,0.648,0.636,0.536,0.1,0.6096490752160549
deepseek-v3.1,Variable_Renaming_Description,Description_Fewshot,0.6354,0.75,0.27147161914277523,0.72,0.5648490203619003,0.5881617367267609,0.15468049119462282,0.692,0.692,0.552,0.14,0.6001245101809501
deepseek-v3.1,Variable_Renaming_Description,Description_Simple,0.6494,0.75,0.26662640529399934,0.736,0.5462252746522427,0.5625865459442139,0.16153906623145503,0.636,0.62,0.496,0.124,0.5978126373261213
deepseek-v3.1,Variable_Renaming_Description,Description_Detailed,0.6398,0.725,0.2584297970436072,0.752,0.5502130749225617,0.558350533246994,0.15275313572217317,0.668,0.7,0.56,0.14,0.5950065374612808
deepseek-v3.1,Variable_Renaming_Description,Description_Reason,0.6332000000000001,0.7,0.27151014714002863,0.728,0.5170777786970139,0.5337828099727631,0.14777279867065723,0.58,0.66,0.484,0.176,0.575138889348507
deepseek-v3.1,Variable_Renaming_Description,Description_Vague,0.664,0.75,0.2574956310308973,0.772,0.4684823132902384,0.4668247699737549,0.16702748440060364,0.448,0.532,0.376,0.156,0.5662411566451192
llama70B,Data_With_Comments_Description,Description_Fewshot,0.4786,0.5,0.2967019379781669,0.524,0.485871741682291,0.49256543815135956,0.16107667423732402,0.488,0.596,0.304,0.292,0.4822358708411455
llama70B,Data_With_Comments_Description,Description_Simple,0.4742,0.475,0.296655288171305,0.5,0.4745133794695139,0.48444001376628876,0.17905246570766556,0.464,0.572,0.268,0.304,0.474356689734757
llama70B,Data_With_Comments_Description,Description_Reason,0.4578,0.45,0.2804089156927789,0.488,0.48738120806217194,0.48723743855953217,0.15312151302698584,0.468,0.612,0.284,0.328,0.472590604031086
llama70B,Data_Without_Comments_Description,Description_Fewshot,0.418,0.4,0.294611608732582,0.412,0.4699384080171585,0.4729727655649185,0.1655442079195987,0.46,0.608,0.24,0.368,0.44396920400857925
llama70B,Data_Without_Comments_Description,Description_Reason,0.42440000000000005,0.4,0.2859451695692725,0.432,0.46004054668545724,0.465975821018219,0.15704671572129042,0.416,0.56,0.204,0.356,0.4422202733427286
llama70B,Data_Without_Comments_Description,Description_Simple,0.396,0.375,0.3127682848371938,0.376,0.45408253906667234,0.46455851197242737,0.18881215829109144,0.416,0.624,0.208,0.416,0.4250412695333362
llama70B,Dataset_DeadCode_Description,Description_Fewshot,0.2544,0.2,0.28611298467563473,0.204,0.4140420458316803,0.40062934160232544,0.1703960448399131,0.328,0.676,0.104,0.572,0.33422102291584016
llama70B,Dataset_DeadCode_Description,Description_Reason,0.2538,0.2,0.2742180883895152,0.228,0.4116658265292644,0.39903397858142853,0.1669691966950031,0.292,0.688,0.104,0.584,0.3327329132646322
llama70B,Dataset_DeadCode_Description,Description_Detailed,0.25020000000000003,0.15,0.2799463520033794,0.208,0.4026418434306979,0.40418362617492676,0.1691807035983195,0.312,0.696,0.108,0.588,0.326420921715349
llama70B,Dataset_DeadCode_Description,Description_Simple,0.2344,0.1,0.2877092977294964,0.192,0.40038471011817456,0.37824292480945587,0.18401678587343143,0.328,0.688,0.104,0.584,0.31739235505908725
llama70B,Dataset_DeadCode_Description,Description_Vague,0.232,0.1,0.28815967795651076,0.192,0.280696282684803,0.26069213449954987,0.1521781899521189,0.104,0.76,0.028,0.732,0.2563481413424015
llama70B,Dataset_Encryption_Description,Description_Detailed,0.11120000000000001,0.0,0.18919450309139535,0.068,0.3454814266562462,0.32817527651786804,0.1497761458559554,0.144,0.828,0.02,0.808,0.2283407133281231
llama70B,Dataset_Encryption_Description,Description_Reason,0.12240000000000001,0.0,0.21099345961427335,0.076,0.3165567805469036,0.2823382765054703,0.15504746418916432,0.14,0.848,0.032,0.816,0.2194783902734518
llama70B,Dataset_Encryption_Description,Description_Fewshot,0.1026,0.0,0.1913719937712935,0.06,0.3220046918988228,0.2861790955066681,0.16301483267439984,0.156,0.848,0.032,0.816,0.2123023459494114
llama70B,Dataset_Encryption_Description,Description_Simple,0.1006,0.0,0.1786326957754375,0.052,0.2979308516904712,0.26265040040016174,0.15908917324588043,0.116,0.864,0.016,0.848,0.1992654258452356
llama70B,Dataset_Encryption_Description,Description_Vague,0.0992,0.0,0.17960890846503133,0.044,0.2744657513052225,0.24888590723276138,0.13806250697881867,0.068,0.912,0.012,0.9,0.18683287565261125
llama70B,Dataset_With_Comments_Description,Description_Fewshot,0.4786,0.5,0.2967019379781669,0.524,0.485871741682291,0.49256543815135956,0.16107667423732402,0.488,0.596,0.304,0.292,0.4822358708411455
llama70B,Dataset_With_Comments_Description,Description_Simple,0.4742,0.475,0.296655288171305,0.5,0.4745133794695139,0.48444001376628876,0.17905246570766556,0.464,0.572,0.268,0.304,0.474356689734757
llama70B,Dataset_With_Comments_Description,Description_Reason,0.4578,0.45,0.2804089156927789,0.488,0.48738120806217194,0.48723743855953217,0.15312151302698584,0.468,0.612,0.284,0.328,0.472590604031086
llama70B,Dataset_Without_Comments_Description,Description_Fewshot,0.418,0.4,0.294611608732582,0.412,0.4699384080171585,0.4729727655649185,0.1655442079195987,0.46,0.608,0.24,0.368,0.44396920400857925
llama70B,Dataset_Without_Comments_Description,Description_Reason,0.42440000000000005,0.4,0.2859451695692725,0.432,0.46004054668545724,0.465975821018219,0.15704671572129042,0.416,0.56,0.204,0.356,0.4422202733427286
llama70B,Dataset_Without_Comments_Description,Description_Simple,0.396,0.375,0.3127682848371938,0.376,0.45408253906667234,0.46455851197242737,0.18881215829109144,0.416,0.624,0.208,0.416,0.4250412695333362
llama70B,Variable_Renaming_Description,Description_Fewshot,0.2756,0.2,0.27343123449964524,0.224,0.42091883516311646,0.4261839985847473,0.16974695084991903,0.332,0.652,0.104,0.548,0.3482594175815582
llama70B,Variable_Renaming_Description,Description_Reason,0.26839999999999997,0.2,0.2833397960047265,0.216,0.42375741505622866,0.418915331363678,0.16670387624864638,0.304,0.728,0.124,0.604,0.3460787075281143
llama70B,Variable_Renaming_Description,Description_Simple,0.269,0.2,0.2963258341758275,0.228,0.4106641934812069,0.3935384601354599,0.18423315023585105,0.332,0.736,0.148,0.588,0.33983209674060344
llama70B,Variable_Renaming_Description,Description_Detailed,0.2734,0.2,0.29021102666852616,0.228,0.3913204281181097,0.37826572358608246,0.17514156508825285,0.276,0.736,0.12,0.616,0.3323602140590548
llama70B,Variable_Renaming_Description,Description_Vague,0.2698,0.2,0.2965770726135114,0.224,0.34554388231411576,0.3364139646291733,0.16867801163927312,0.192,0.768,0.092,0.676,0.30767194115705787
mistral,Data_With_Comments_Description,Description_Fewshot,0.354,0.35,0.29826833556380067,0.32,0.4594313650727272,0.4585167467594147,0.15981353028261888,0.404,0.604,0.164,0.44,0.4067156825363636
mistral,Data_With_Comments_Description,Description_Simple,0.34840000000000004,0.35,0.2830855701020453,0.32,0.4624510501027107,0.4526476263999939,0.15373073257838826,0.416,0.64,0.188,0.452,0.4054255250513554
mistral,Data_With_Comments_Description,Description_Reason,0.3236,0.32499999999999996,0.2938078283504373,0.264,0.4210418855808675,0.4111891835927963,0.15640043922341626,0.332,0.66,0.128,0.532,0.37232094279043376
mistral,Data_Without_Comments_Description,Description_Simple,0.246,0.15,0.2762679858398363,0.208,0.43606365859508517,0.42925332486629486,0.15138486921104571,0.328,0.664,0.1,0.564,0.3410318292975426
mistral,Data_Without_Comments_Description,Description_Fewshot,0.2184,0.1,0.25239144201022345,0.2,0.4106881289929152,0.40683118999004364,0.15526684783584763,0.296,0.664,0.08,0.584,0.3145440644964576
mistral,Data_Without_Comments_Description,Description_Reason,0.22419999999999998,0.15,0.24944811083670287,0.188,0.38250138907134534,0.38552479445934296,0.15339596646766487,0.204,0.712,0.052,0.66,0.30335069453567265
mistral,Dataset_DeadCode_Description,Description_Simple,0.12840000000000001,0.05,0.1899300924024416,0.08,0.39208883471041917,0.3878931701183319,0.1571920022008846,0.236,0.78,0.048,0.732,0.2602444173552096
mistral,Dataset_DeadCode_Description,Description_Fewshot,0.1232,0.025,0.19596367010239424,0.076,0.36859495875053105,0.3673352003097534,0.15865359763315226,0.18,0.792,0.024,0.768,0.24589747937526552
mistral,Dataset_DeadCode_Description,Description_Reason,0.1362,0.0,0.22095148788817875,0.096,0.3530678189173341,0.34680016338825226,0.15323369115207616,0.18,0.796,0.036,0.76,0.24463390945866703
mistral,Dataset_DeadCode_Description,Description_Detailed,0.12840000000000001,0.05,0.21645655453231255,0.092,0.3436377902291715,0.3428638130426407,0.15386414893882455,0.152,0.804,0.024,0.78,0.23601889511458576
mistral,Dataset_DeadCode_Description,Description_Vague,0.142,0.05,0.212452347598232,0.1,0.25368478325009347,0.24101166427135468,0.14350002973940487,0.06,0.848,0.004,0.844,0.19784239162504674
mistral,Dataset_Encryption_Description,Description_Simple,0.076,0.0,0.1457532160880164,0.04,0.3374406214132905,0.3252730518579483,0.1452644402757987,0.128,0.848,0.008,0.84,0.20672031070664526
mistral,Dataset_Encryption_Description,Description_Fewshot,0.0772,0.0,0.15420817098973713,0.028,0.3195360674113035,0.28971898555755615,0.16352682342862612,0.144,0.852,0.012,0.84,0.19836803370565176
mistral,Dataset_Encryption_Description,Description_Reason,0.0888,0.0,0.18015149180620182,0.048,0.29956253158301116,0.2791789323091507,0.1460249293834452,0.104,0.864,0.008,0.856,0.19418126579150558
mistral,Dataset_Encryption_Description,Description_Detailed,0.0746,0.0,0.16101192502420433,0.04,0.2862439882662147,0.2831677943468094,0.1511443496185947,0.092,0.876,0.004,0.872,0.18042199413310736
mistral,Dataset_Encryption_Description,Description_Vague,0.0682,0.0,0.13586301925100883,0.028,0.2834684797897935,0.2676771730184555,0.13651920528993475,0.068,0.912,0.004,0.908,0.17583423989489674
mistral,Dataset_With_Comments_Description,Description_Fewshot,0.354,0.35,0.29826833556380067,0.32,0.4594313650727272,0.4585167467594147,0.15981353028261888,0.404,0.604,0.164,0.44,0.4067156825363636
mistral,Dataset_With_Comments_Description,Description_Simple,0.34840000000000004,0.35,0.2830855701020453,0.32,0.4624510501027107,0.4526476263999939,0.15373073257838826,0.416,0.64,0.188,0.452,0.4054255250513554
mistral,Dataset_With_Comments_Description,Description_Reason,0.3236,0.32499999999999996,0.2938078283504373,0.264,0.4210418855808675,0.4111891835927963,0.15640043922341626,0.332,0.66,0.128,0.532,0.37232094279043376
mistral,Dataset_Without_Comments_Description,Description_Simple,0.246,0.15,0.2762679858398363,0.208,0.43606365859508517,0.42925332486629486,0.15138486921104571,0.328,0.664,0.1,0.564,0.3410318292975426
mistral,Dataset_Without_Comments_Description,Description_Fewshot,0.2184,0.1,0.25239144201022345,0.2,0.4106881289929152,0.40683118999004364,0.15526684783584763,0.296,0.664,0.08,0.584,0.3145440644964576
mistral,Dataset_Without_Comments_Description,Description_Reason,0.22419999999999998,0.15,0.24944811083670287,0.188,0.38250138907134534,0.38552479445934296,0.15339596646766487,0.204,0.712,0.052,0.66,0.30335069453567265
mistral,Variable_Renaming_Description,Description_Simple,0.12360000000000002,0.0,0.20160119047267552,0.072,0.3754805435538292,0.38086463510990143,0.15636716817565813,0.2,0.784,0.028,0.756,0.24954027177691462
mistral,Variable_Renaming_Description,Description_Detailed,0.115,0.0,0.2074246851269154,0.084,0.34293174393102527,0.3308318257331848,0.15468427264639123,0.176,0.812,0.036,0.776,0.22896587196551263
mistral,Variable_Renaming_Description,Description_Fewshot,0.12140000000000001,0.0,0.2054070105911675,0.056,0.33026912589743734,0.3403497487306595,0.1582747327306958,0.132,0.852,0.02,0.832,0.22583456294871868
mistral,Variable_Renaming_Description,Description_Reason,0.127,0.05,0.20494145505485217,0.076,0.3095972177758813,0.29642900824546814,0.1466828571200124,0.116,0.864,0.028,0.836,0.21829860888794064
mistral,Variable_Renaming_Description,Description_Vague,0.1258,0.0,0.20776034270283633,0.076,0.30935583294555546,0.3054010272026062,0.16502754475389914,0.152,0.82,0.024,0.796,0.21757791647277774
qwencoder32B,Data_With_Comments_Description,Description_Simple,0.421,0.4,0.30752073100849636,0.38,0.49072014905512334,0.5022965371608734,0.14790790756490915,0.508,0.552,0.22,0.332,0.45586007452756167
qwencoder32B,Data_With_Comments_Description,Description_Fewshot,0.3986,0.35,0.3180377964959511,0.364,0.4848623612523079,0.48800162971019745,0.14875769576409353,0.46,0.632,0.228,0.404,0.44173118062615396
qwencoder32B,Data_With_Comments_Description,Description_Reason,0.416,0.4,0.31315172041679734,0.372,0.37560151014477017,0.36703765392303467,0.18064312424358034,0.276,0.592,0.12,0.472,0.3958007550723851
qwencoder32B,Data_Without_Comments_Description,Description_Fewshot,0.396,0.4,0.3176853789521954,0.432,0.4722202370762825,0.48557204008102417,0.14681403538836524,0.464,0.608,0.252,0.356,0.4341101185381413
qwencoder32B,Data_Without_Comments_Description,Description_Simple,0.3728,0.4,0.288340354442454,0.352,0.48410080644488335,0.4821724593639374,0.15305350070127577,0.48,0.608,0.22,0.388,0.42845040322244166
qwencoder32B,Data_Without_Comments_Description,Description_Reason,0.3588,0.35,0.30555287594784636,0.296,0.3393966606259346,0.31576329469680786,0.16765148203784008,0.22,0.692,0.104,0.588,0.34909833031296733
qwencoder32B,Dataset_DeadCode_Description,Description_Simple,0.312,0.2,0.293011945148999,0.284,0.43967851063609126,0.4403737187385559,0.1562248122241335,0.356,0.624,0.132,0.492,0.37583925531804563
qwencoder32B,Dataset_DeadCode_Description,Description_Fewshot,0.301,0.2,0.30615192307088324,0.28,0.41635210866853595,0.41097235679626465,0.16261147152411068,0.332,0.668,0.14,0.528,0.35867605433426797
qwencoder32B,Dataset_DeadCode_Description,Description_Vague,0.3072,0.2,0.298811244768332,0.312,0.40256442241370677,0.4104003757238388,0.1701577768975183,0.328,0.672,0.156,0.516,0.35488221120685337
qwencoder32B,Dataset_DeadCode_Description,Description_Detailed,0.297,0.2,0.29072495592913933,0.308,0.36837373653799294,0.3575889766216278,0.15685071269440207,0.232,0.684,0.112,0.572,0.33268686826899646
qwencoder32B,Dataset_DeadCode_Description,Description_Reason,0.2788,0.2,0.28932777260401393,0.264,0.32618858921155336,0.31676776707172394,0.16165909299730322,0.172,0.7,0.068,0.632,0.3024942946057767
qwencoder32B,Dataset_Encryption_Description,Description_Detailed,0.18059999999999998,0.05,0.23386671417711413,0.124,0.3619513569250703,0.3540404587984085,0.15639419970060683,0.204,0.76,0.044,0.716,0.27127567846253514
qwencoder32B,Dataset_Encryption_Description,Description_Fewshot,0.17820000000000003,0.05,0.24276482447010317,0.132,0.3574338386654854,0.3393895626068115,0.14452802943159476,0.176,0.756,0.032,0.724,0.2678169193327427
qwencoder32B,Dataset_Encryption_Description,Description_Vague,0.1874,0.1,0.23509836239327572,0.16,0.3427775683924556,0.31810159981250763,0.15812446972872965,0.184,0.712,0.028,0.684,0.26508878419622783
qwencoder32B,Dataset_Encryption_Description,Description_Simple,0.15020000000000003,0.05,0.21984076055181395,0.108,0.3413148823902011,0.32256366312503815,0.15463026722491813,0.172,0.784,0.032,0.752,0.24575744119510057
qwencoder32B,Dataset_Encryption_Description,Description_Reason,0.167,0.05,0.22280260321638973,0.104,0.2596022481638938,0.24183661490678787,0.1392425756048387,0.056,0.856,0.008,0.848,0.2133011240819469
qwencoder32B,Dataset_With_Comments_Description,Description_Simple,0.421,0.4,0.30752073100849636,0.38,0.49072014905512334,0.5022965371608734,0.14790790756490915,0.508,0.552,0.22,0.332,0.45586007452756167
qwencoder32B,Dataset_With_Comments_Description,Description_Fewshot,0.3986,0.35,0.3180377964959511,0.364,0.4848623612523079,0.48800162971019745,0.14875769576409353,0.46,0.632,0.228,0.404,0.44173118062615396
qwencoder32B,Dataset_With_Comments_Description,Description_Reason,0.416,0.4,0.31315172041679734,0.372,0.37560151014477017,0.36703765392303467,0.18064312424358034,0.276,0.592,0.12,0.472,0.3958007550723851
qwencoder32B,Dataset_Without_Comments_Description,Description_Fewshot,0.396,0.4,0.3176853789521954,0.432,0.4722202370762825,0.48557204008102417,0.14681403538836524,0.464,0.608,0.252,0.356,0.4341101185381413
qwencoder32B,Dataset_Without_Comments_Description,Description_Simple,0.3728,0.4,0.288340354442454,0.352,0.48410080644488335,0.4821724593639374,0.15305350070127577,0.48,0.608,0.22,0.388,0.42845040322244166
qwencoder32B,Dataset_Without_Comments_Description,Description_Reason,0.3588,0.35,0.30555287594784636,0.296,0.3393966606259346,0.31576329469680786,0.16765148203784008,0.22,0.692,0.104,0.588,0.34909833031296733
qwencoder32B,Variable_Renaming_Description,Description_Simple,0.2936,0.2,0.3080244146167638,0.26,0.407213902041316,0.4069550484418869,0.16730260785787895,0.292,0.648,0.1,0.548,0.350406951020658
qwencoder32B,Variable_Renaming_Description,Description_Detailed,0.29,0.2,0.2835136681008519,0.304,0.4027851594872773,0.40082262456417084,0.17948632297027187,0.32,0.656,0.14,0.516,0.34639257974363863
qwencoder32B,Variable_Renaming_Description,Description_Fewshot,0.2818,0.15,0.30844571645591057,0.268,0.40894942795485256,0.4081922620534897,0.1646097441698592,0.3,0.632,0.1,0.532,0.34537471397742625
qwencoder32B,Variable_Renaming_Description,Description_Vague,0.2896,0.2,0.2936866357190943,0.244,0.39850346916168927,0.39368802309036255,0.17867984631574368,0.32,0.684,0.124,0.56,0.34405173458084465
qwencoder32B,Variable_Renaming_Description,Description_Reason,0.2818,0.2,0.2845325288960825,0.228,0.2885047886520624,0.263252317905426,0.161265755456414,0.108,0.768,0.052,0.716,0.28515239432603123
starchat,Data_With_Comments_Description,Description_Simple,0.1926,0.025,0.25470618367051867,0.132,0.4734039534032345,0.47220130264759064,0.15921501336901536,0.448,0.572,0.076,0.496,0.33300197670161724
starchat,Data_With_Comments_Description,Description_Fewshot,0.1724,0.0,0.24190543606955178,0.12,0.4358712156862021,0.43531695008277893,0.13952372352953138,0.344,0.672,0.068,0.604,0.304135607843101
starchat,Data_With_Comments_Description,Description_Reason,0.1656,0.0,0.2460013008095689,0.124,0.277005979757756,0.2493506446480751,0.13676949635545696,0.084,0.808,0.008,0.8,0.22130298987887798
starchat,Data_Without_Comments_Description,Description_Simple,0.1374,0.0,0.22704898149958744,0.092,0.4773221002817154,0.4769790768623352,0.15722255007662764,0.444,0.52,0.028,0.492,0.3073610501408577
starchat,Data_Without_Comments_Description,Description_Fewshot,0.12440000000000001,0.0,0.20636046132919939,0.064,0.4439649635106325,0.45609530806541443,0.14299367964385182,0.388,0.644,0.048,0.596,0.28418248175531624
starchat,Data_Without_Comments_Description,Description_Reason,0.1388,0.0,0.20931927765975117,0.068,0.2687364018261433,0.2525234669446945,0.12507201289575542,0.06,0.88,0.004,0.876,0.20376820091307163
starchat,Dataset_DeadCode_Description,Description_Simple,0.1316,0.0,0.23371230177292768,0.088,0.4294221036732197,0.42786021530628204,0.15843091084321645,0.324,0.7,0.056,0.644,0.28051105183660985
starchat,Dataset_DeadCode_Description,Description_Fewshot,0.1384,0.0,0.22866009708735804,0.088,0.4063599912077189,0.4062342196702957,0.15659105855473185,0.284,0.676,0.024,0.652,0.27237999560385945
starchat,Dataset_DeadCode_Description,Description_Vague,0.13240000000000002,0.0,0.22611996815849766,0.108,0.39820317013561723,0.4019705504179001,0.15932141597783633,0.284,0.688,0.04,0.648,0.26530158506780865
starchat,Dataset_DeadCode_Description,Description_Detailed,0.1308,0.0,0.21970744184027996,0.088,0.3664572612270713,0.36722998321056366,0.16292361258376747,0.212,0.78,0.04,0.74,0.24862863061353563
starchat,Dataset_DeadCode_Description,Description_Reason,0.1584,0.0,0.2376329943421157,0.104,0.24612827049195765,0.23198343813419342,0.11643135698151187,0.036,0.868,0.004,0.864,0.20226413524597883
starchat,Dataset_Encryption_Description,Description_Simple,0.067,0.0,0.1460171222836555,0.028,0.36360054133087394,0.3582697659730911,0.1561018846368954,0.196,0.776,0.0,0.776,0.21530027066543697
starchat,Dataset_Encryption_Description,Description_Fewshot,0.0702,0.0,0.15434364256424687,0.036,0.3459801570475102,0.3411591500043869,0.14066840104647305,0.152,0.828,0.008,0.82,0.20809007852375508
starchat,Dataset_Encryption_Description,Description_Vague,0.06380000000000001,0.0,0.16321629820578581,0.024,0.33949373160302637,0.3358282297849655,0.1306189411004171,0.108,0.884,0.008,0.876,0.2016468658015132
starchat,Dataset_Encryption_Description,Description_Detailed,0.053399999999999996,0.0,0.12672190023827767,0.016,0.2607653959877789,0.2447069063782692,0.1332266888811951,0.048,0.936,0.0,0.936,0.15708269799388946
starchat,Dataset_Encryption_Description,Description_Reason,0.0842,0.0,0.19036901008304896,0.04,0.2064550691470504,0.1954772174358368,0.09420525583797686,0.008,0.952,0.0,0.952,0.1453275345735252
starchat,Dataset_With_Comments_Description,Description_Simple,0.1926,0.025,0.25470618367051867,0.132,0.4734039534032345,0.47220130264759064,0.15921501336901536,0.448,0.572,0.076,0.496,0.33300197670161724
starchat,Dataset_With_Comments_Description,Description_Fewshot,0.1724,0.0,0.24190543606955178,0.12,0.4358712156862021,0.43531695008277893,0.13952372352953138,0.344,0.672,0.068,0.604,0.304135607843101
starchat,Dataset_With_Comments_Description,Description_Reason,0.1656,0.0,0.2460013008095689,0.124,0.277005979757756,0.2493506446480751,0.13676949635545696,0.084,0.808,0.008,0.8,0.22130298987887798
starchat,Dataset_Without_Comments_Description,Description_Simple,0.1374,0.0,0.22704898149958744,0.092,0.4773221002817154,0.4769790768623352,0.15722255007662764,0.444,0.52,0.028,0.492,0.3073610501408577
starchat,Dataset_Without_Comments_Description,Description_Fewshot,0.12440000000000001,0.0,0.20636046132919939,0.064,0.4439649635106325,0.45609530806541443,0.14299367964385182,0.388,0.644,0.048,0.596,0.28418248175531624
starchat,Dataset_Without_Comments_Description,Description_Reason,0.1388,0.0,0.20931927765975117,0.068,0.2687364018261433,0.2525234669446945,0.12507201289575542,0.06,0.88,0.004,0.876,0.20376820091307163
starchat,Variable_Renaming_Description,Description_Simple,0.1298,0.0,0.22383467113027866,0.096,0.4189161520451307,0.4292611926794052,0.1710342208585593,0.38,0.628,0.052,0.576,0.27435807602256534
starchat,Variable_Renaming_Description,Description_Fewshot,0.141,0.0,0.2388493248891443,0.108,0.40682946842908857,0.40335968136787415,0.15565742514245665,0.308,0.656,0.036,0.62,0.27391473421454426
starchat,Variable_Renaming_Description,Description_Vague,0.1414,0.0,0.2341282554498709,0.092,0.401586841955781,0.39106063544750214,0.1531869413905761,0.3,0.688,0.04,0.648,0.2714934209778905
starchat,Variable_Renaming_Description,Description_Detailed,0.12940000000000002,0.0,0.2154660994216956,0.108,0.403206242993474,0.3940220922231674,0.15507073937066168,0.304,0.708,0.06,0.648,0.266303121496737
starchat,Variable_Renaming_Description,Description_Reason,0.141,0.0,0.24010206163213177,0.096,0.22094365548342465,0.20049181580543518,0.11296029232381288,0.024,0.88,0.0,0.88,0.18097182774171233
starcoder,Data_With_Comments_Description,Description_Reason,0.018,0.0,0.08072174428244226,0.012,0.14933937236387282,0.13218218833208084,0.12917673887514808,0.016,0.972,0.0,0.972,0.0836696861819364
starcoder,Data_With_Comments_Description,Description_Simple,0.0136,0.0,0.07235357627650482,0.016,0.13982257492467762,0.12787006050348282,0.12103930380611237,0.016,0.968,0.0,0.968,0.07671128746233881
starcoder,Data_With_Comments_Description,Description_Fewshot,0.0108,0.0,0.07268672506035748,0.008,0.1130995913092047,0.09447364136576653,0.10708030327990326,0.02,0.972,0.0,0.972,0.06194979565460235
starcoder,Data_Without_Comments_Description,Description_Simple,0.022600000000000002,0.0,0.11983004631560484,0.024,0.1371203935444355,0.11475422605872154,0.11728396352243887,0.008,0.976,0.004,0.972,0.07986019677221776
starcoder,Data_Without_Comments_Description,Description_Reason,0.020399999999999998,0.0,0.09666354017932512,0.012,0.1373374109622091,0.11212930828332901,0.12551034050188917,0.016,0.972,0.0,0.972,0.07886870548110456
starcoder,Data_Without_Comments_Description,Description_Fewshot,0.0162,0.0,0.07904150808277889,0.012,0.12200294268876315,0.08777450770139694,0.12666825267814924,0.028,0.96,0.0,0.96,0.06910147134438158
starcoder,Dataset_DeadCode_Description,Description_Vague,0.0752,0.0,0.1620029629358673,0.04,0.4341961776316166,0.4203413277864456,0.15445711497696488,0.344,0.672,0.028,0.644,0.2546980888158083
starcoder,Dataset_DeadCode_Description,Description_Detailed,0.0712,0.0,0.17207719198080842,0.04,0.3942961174268276,0.4010360389947891,0.18152699871829914,0.272,0.72,0.016,0.704,0.23274805871341378
starcoder,Dataset_DeadCode_Description,Description_Simple,0.0718,0.0,0.16605649641010736,0.036,0.13694949285406618,0.12348215281963348,0.11416965313487007,0.008,0.956,0.0,0.956,0.1043747464270331
starcoder,Dataset_DeadCode_Description,Description_Reason,0.07479999999999999,0.0,0.15415887908258805,0.044,0.12061753681395203,0.10380791127681732,0.11029375160831675,0.0,0.956,0.0,0.956,0.09770876840697601
starcoder,Dataset_DeadCode_Description,Description_Fewshot,0.07740000000000001,0.0,0.16822377953190804,0.032,0.10658414135314524,0.08711113035678864,0.11122387932769355,0.008,0.96,0.0,0.96,0.09199207067657263
starcoder,Dataset_Encryption_Description,Description_Vague,0.040600000000000004,0.0,0.11154209967541404,0.012,0.39257094671577214,0.3710359036922455,0.15995212312868248,0.284,0.72,0.008,0.712,0.21658547335788608
starcoder,Dataset_Encryption_Description,Description_Detailed,0.042,0.0,0.1256821387469198,0.016,0.3351768067292869,0.321419358253479,0.1712629483191676,0.204,0.788,0.004,0.784,0.18858840336464344
starcoder,Dataset_Encryption_Description,Description_Simple,0.0448,0.0,0.1279568677328419,0.028,0.1279677807521075,0.11470840498805046,0.10650671274130366,0.008,0.964,0.0,0.964,0.08638389037605375
starcoder,Dataset_Encryption_Description,Description_Reason,0.052399999999999995,0.0,0.1267842261482082,0.024,0.11850813847407698,0.10393483191728592,0.11350689440607967,0.004,0.972,0.0,0.972,0.0854540692370385
starcoder,Dataset_Encryption_Description,Description_Fewshot,0.053,0.0,0.14429483705247392,0.024,0.10726293738000095,0.08522804081439972,0.1192701982933982,0.016,0.96,0.0,0.96,0.08013146869000047
starcoder,Dataset_With_Comments_Description,Description_Reason,0.018,0.0,0.08072174428244226,0.012,0.14933937236387282,0.13218218833208084,0.12917673887514808,0.016,0.972,0.0,0.972,0.0836696861819364
starcoder,Dataset_With_Comments_Description,Description_Simple,0.0136,0.0,0.07235357627650482,0.016,0.13982257492467762,0.12787006050348282,0.12103930380611237,0.016,0.968,0.0,0.968,0.07671128746233881
starcoder,Dataset_With_Comments_Description,Description_Fewshot,0.0108,0.0,0.07268672506035748,0.008,0.1130995913092047,0.09447364136576653,0.10708030327990326,0.02,0.972,0.0,0.972,0.06194979565460235
starcoder,Dataset_Without_Comments_Description,Description_Simple,0.022600000000000002,0.0,0.11983004631560484,0.024,0.1371203935444355,0.11475422605872154,0.11728396352243887,0.008,0.976,0.004,0.972,0.07986019677221776
starcoder,Dataset_Without_Comments_Description,Description_Reason,0.020399999999999998,0.0,0.09666354017932512,0.012,0.1373374109622091,0.11212930828332901,0.12551034050188917,0.016,0.972,0.0,0.972,0.07886870548110456
starcoder,Dataset_Without_Comments_Description,Description_Fewshot,0.0162,0.0,0.07904150808277889,0.012,0.12200294268876315,0.08777450770139694,0.12666825267814924,0.028,0.96,0.0,0.96,0.06910147134438158
starcoder,Variable_Renaming_Description,Description_Vague,0.0922,0.0,0.18162918267723388,0.056,0.4318801956772804,0.4288770258426666,0.1611666894621961,0.344,0.648,0.024,0.624,0.26204009783864024
starcoder,Variable_Renaming_Description,Description_Detailed,0.0888,0.0,0.1766764274033183,0.048,0.41474091923236844,0.3980076014995575,0.17321731015511743,0.336,0.672,0.028,0.644,0.2517704596161842
starcoder,Variable_Renaming_Description,Description_Simple,0.0938,0.0,0.19253976212720322,0.064,0.14898793570511043,0.1341220960021019,0.11570121937451755,0.008,0.944,0.008,0.936,0.12139396785255521
starcoder,Variable_Renaming_Description,Description_Reason,0.0996,0.0,0.1875628961175424,0.056,0.13314010610431432,0.11359088867902756,0.11863299152200946,0.008,0.944,0.004,0.94,0.11637005305215715
starcoder,Variable_Renaming_Description,Description_Fewshot,0.07579999999999999,0.0,0.17833776941523072,0.044,0.09780382872000337,0.07142558321356773,0.11038840836140916,0.008,0.948,0.0,0.948,0.08680191436000168
