problem_id,variant,lines_of_code,cyclomatic_complexity_total,cyclomatic_complexity_max,density,shannon_entropy
p03494,Without_Comments,107,36,11,0.336449,4.926641
p02921,Without_Comments,19,13,13,0.684211,4.720814
p02773,Without_Comments,61,16,16,0.262295,4.824313
p03493,Without_Comments,98,34,11,0.346939,4.955511
p03035,Without_Comments,79,31,11,0.392405,4.971399
p02577,Without_Comments,149,48,15,0.322148,4.918162
p02910,Without_Comments,172,55,15,0.319767,3.715316
p02570,Without_Comments,229,43,20,0.187773,3.214308
p03456,Without_Comments,84,31,11,0.369048,4.386163
p02917,Without_Comments,233,44,20,0.188841,3.237462
p03469,Without_Comments,97,32,11,0.329897,5.009537
p02729,Without_Comments,36,15,15,0.416667,3.301869
p03059,Without_Comments,101,31,11,0.306931,3.787482
p02988,Without_Comments,24,16,16,0.666667,4.775018
p02381,Without_Comments,56,11,11,0.196429,4.912993
p02711,Without_Comments,75,31,11,0.413333,4.366863
p03854,Without_Comments,39,34,32,0.871795,4.077799
p02388,Without_Comments,23,6,6,0.26087,5.012921
p02718,Without_Comments,195,64,14,0.328205,3.63584
p02981,Without_Comments,144,43,11,0.298611,5.125477
p03434,Without_Comments,110,35,11,0.318182,4.996895
p03457,Without_Comments,38,14,14,0.368421,4.050565
p02571,Without_Comments,242,46,20,0.190083,3.275381
p02916,Without_Comments,161,63,63,0.391304,3.147303
p02576,Without_Comments,221,42,20,0.190045,3.23142
p02582,Without_Comments,39,25,25,0.641026,4.887876
p02911,Without_Comments,178,54,15,0.303371,3.730145
p03239,Without_Comments,110,33,11,0.3,3.999873
p02772,Without_Comments,100,31,11,0.31,4.017312
p02786,Without_Comments,199,65,14,0.326633,3.647609
p04012,Without_Comments,67,52,52,0.776119,4.473983
p02547,Without_Comments,249,49,20,0.196787,3.237337
p02578,Without_Comments,235,45,20,0.191489,3.233193
p03435,Without_Comments,69,23,23,0.333333,4.878397
p02719,Without_Comments,182,54,15,0.296703,3.670474
p02389,Without_Comments,58,12,12,0.206897,3.729692
p02987,Without_Comments,70,19,19,0.271429,3.781451
p02945,Without_Comments,83,34,13,0.409639,4.984437
p03060,Without_Comments,191,58,15,0.303665,4.868589
p02989,Without_Comments,176,55,14,0.3125,4.883943
p02717,Without_Comments,126,37,11,0.293651,4.500613
p02830,Without_Comments,91,31,11,0.340659,4.195726
p03316,Without_Comments,128,39,11,0.304688,4.409755
p02801,Without_Comments,88,27,27,0.306818,4.714047
p03775,Without_Comments,82,33,11,0.402439,4.340713
p02263,Without_Comments,66,19,14,0.287879,4.947003
p02899,Without_Comments,160,49,15,0.30625,3.574009
p02264,Without_Comments,86,22,14,0.255814,4.802707
p02897,Without_Comments,157,48,15,0.305732,3.573128
p03146,Without_Comments,125,40,14,0.32,3.488338
p02404,Without_Comments,44,16,16,0.363636,4.87861
p02255,Without_Comments,41,11,11,0.268293,4.770195
p02403,Without_Comments,36,12,12,0.333333,4.977473
p02699,Without_Comments,153,46,15,0.300654,3.577389
p02836,Without_Comments,69,14,14,0.202899,3.795052
p02831,Without_Comments,81,19,19,0.234568,3.978976
p02402,Without_Comments,46,12,12,0.26087,4.863154
p02405,Without_Comments,92,28,28,0.304348,4.621755
p03147,Without_Comments,103,38,23,0.368932,3.671023
p02639,Without_Comments,183,53,11,0.289617,5.079664
p02898,Without_Comments,160,49,15,0.30625,3.568807
p03720,Without_Comments,110,35,11,0.318182,4.985062
p02416,Without_Comments,42,14,14,0.333333,3.469225
p02411,Without_Comments,37,31,31,0.837838,5.071273
p02418,Without_Comments,51,13,13,0.254902,4.727447
p02612,Without_Comments,28,21,21,0.75,4.154474
p02420,Without_Comments,45,12,12,0.266667,4.779246
p02847,Without_Comments,159,49,15,0.308176,3.737527
p03109,Without_Comments,41,16,16,0.390244,3.904322
p03136,Without_Comments,105,35,11,0.333333,4.956835
p02641,Without_Comments,40,26,26,0.65,4.432038
p02677,Without_Comments,44,17,17,0.386364,4.921283
p03107,Without_Comments,70,15,15,0.214286,4.516046
p02421,Without_Comments,80,23,23,0.2875,4.721905
p02613,Without_Comments,204,66,14,0.323529,3.652294
p02879,Without_Comments,105,35,11,0.333333,4.242072
p02419,Without_Comments,81,35,35,0.432099,4.548953
p03360,Without_Comments,34,17,17,0.5,5.142508
p02622,Without_Comments,205,68,15,0.331707,3.846219
p02410,Without_Comments,53,17,17,0.320755,4.821975
p02848,Without_Comments,124,56,56,0.451613,4.51459
p02417,Without_Comments,89,59,59,0.662921,4.94633
p03106,Without_Comments,40,16,16,0.4,4.698151
p02682,Without_Comments,56,18,18,0.321429,4.181296
p02676,Without_Comments,80,31,11,0.3875,4.062884
p02640,Without_Comments,23,11,11,0.478261,4.700081
p02812,Without_Comments,149,53,12,0.355705,4.49003
p02994,Without_Comments,30,17,17,0.566667,3.819192
p02958,Without_Comments,86,22,18,0.255814,4.834622
p03042,Without_Comments,36,33,33,0.916667,4.832598
p02993,Without_Comments,128,42,14,0.328125,5.009282
p02394,Without_Comments,41,34,34,0.829268,4.419926
p02951,Without_Comments,141,43,11,0.304965,5.045797
p03073,Without_Comments,58,18,18,0.310345,3.914298
p02393,Without_Comments,43,25,25,0.581395,3.267381
p03087,Without_Comments,65,18,18,0.276923,3.650506
p04030,Without_Comments,150,42,11,0.28,3.938909
p00007,Without_Comments,82,32,11,0.390244,4.004497
p02759,Without_Comments,88,27,11,0.306818,4.057058
p02766,Without_Comments,99,28,11,0.282828,3.982178
p02934,Without_Comments,155,44,15,0.283871,4.144147
p03011,Without_Comments,109,31,15,0.284404,4.223132
p02553,Without_Comments,82,65,53,0.792683,4.786507
p03086,Without_Comments,45,17,17,0.377778,3.746796
p02392,Without_Comments,37,19,19,0.513514,3.928246
p03072,Without_Comments,108,35,11,0.324074,4.984562
p03416,Without_Comments,151,56,15,0.370861,4.935009
p02957,Without_Comments,108,34,11,0.314815,4.995298
p03075,Without_Comments,28,22,22,0.785714,4.922376
p02705,Without_Comments,109,32,11,0.293578,3.768027
p03043,Without_Comments,155,53,13,0.341935,5.092376
p02959,Without_Comments,120,37,11,0.308333,4.980856
p03285,Without_Comments,24,17,17,0.708333,4.70125
p03282,Without_Comments,40,50,21,1.25,4.823774
p02995,Without_Comments,104,23,21,0.221154,4.562625
p02935,Without_Comments,162,45,15,0.277778,3.896682
p02552,Without_Comments,235,46,20,0.195745,3.239208
p03474,Without_Comments,36,26,26,0.722222,3.856403
p03814,Without_Comments,81,32,11,0.395062,4.365354
p02767,Without_Comments,200,65,14,0.325,3.625686
p00006,Without_Comments,31,6,6,0.193548,4.954644
p00001,Without_Comments,45,12,12,0.266667,4.845887
p02947,Without_Comments,87,34,33,0.390805,3.711055
p02712,Without_Comments,33,16,16,0.484848,4.48599
p02982,Without_Comments,185,60,14,0.324324,4.920958
p02723,Without_Comments,175,54,15,0.308571,3.698139
p04044,Without_Comments,156,47,11,0.301282,4.460467
p03261,Without_Comments,133,46,11,0.345865,5.038152
p02971,Without_Comments,61,16,16,0.262295,4.187987
p04043,Without_Comments,40,18,18,0.45,4.726409
p02724,Without_Comments,184,54,15,0.293478,3.649726
p03292,Without_Comments,151,54,15,0.357616,3.742353
p03000,Without_Comments,126,40,14,0.31746,3.490377
p02784,Without_Comments,128,36,11,0.28125,4.149907
p02777,Without_Comments,33,19,18,0.575758,4.891882
p02783,Without_Comments,111,32,11,0.288288,4.239138
p02922,Without_Comments,82,31,11,0.378049,4.435624
p03455,Without_Comments,77,30,11,0.38961,4.024322
p00011,Without_Comments,55,14,14,0.254545,4.970079
p03835,Without_Comments,130,44,14,0.338462,3.530986
p02779,Without_Comments,164,46,11,0.280488,4.433045
p02970,Without_Comments,110,32,11,0.290909,4.24731
p02725,Without_Comments,233,44,20,0.188841,3.250479
p03293,Without_Comments,134,44,14,0.328358,3.551625
p02983,Without_Comments,177,56,14,0.316384,4.905379
p03632,Without_Comments,22,15,15,0.681818,4.691675
p02946,Without_Comments,102,33,11,0.323529,4.993218
p02713,Without_Comments,36,14,14,0.388889,3.530672
p03695,Without_Comments,42,35,35,0.833333,4.73111
p03037,Without_Comments,39,15,15,0.384615,4.5004
p02778,Without_Comments,119,38,11,0.319328,4.04023
p02923,Without_Comments,128,40,14,0.3125,3.519274
p02771,Without_Comments,25,16,16,0.64,4.756913
p03001,Without_Comments,122,42,14,0.344262,5.027437
p02785,Without_Comments,195,64,14,0.328205,3.632279
p02258,Without_Comments,60,13,13,0.216667,3.843975
p02409,Without_Comments,93,29,29,0.311828,3.378906
p02260,Without_Comments,97,38,11,0.391753,4.091722
p02256,Without_Comments,72,21,21,0.291667,4.768811
p02400,Without_Comments,23,3,3,0.130435,4.156796
p03370,Without_Comments,111,32,11,0.288288,4.075582
p02860,Without_Comments,85,31,11,0.364706,3.970172
p02407,Without_Comments,36,9,9,0.25,4.956675
p03324,Without_Comments,155,55,15,0.354839,3.746189
p02659,Without_Comments,192,61,14,0.317708,3.617305
p03315,Without_Comments,17,17,17,1.0,4.534903
p02657,Without_Comments,122,37,11,0.303279,4.457675
p02802,Without_Comments,103,37,15,0.359223,4.061259
p02406,Without_Comments,67,24,24,0.358209,4.022214
p02268,Without_Comments,44,23,20,0.522727,4.473163
p03371,Without_Comments,43,19,19,0.44186,4.599542
p02257,Without_Comments,55,16,16,0.290909,4.924825
p02401,Without_Comments,41,13,13,0.317073,4.925752
p03378,Without_Comments,52,18,18,0.346154,3.992279
p02408,Without_Comments,146,67,67,0.458904,4.782193
p02259,Without_Comments,122,36,11,0.295082,4.998427
p03126,Without_Comments,42,12,12,0.285714,3.378245
p03545,Without_Comments,29,18,18,0.62069,4.323254
p02693,Without_Comments,146,51,12,0.349315,4.483239
p03325,Without_Comments,73,60,60,0.821918,4.826845
p02658,Without_Comments,144,41,11,0.284722,4.53511
p02832,Without_Comments,165,50,15,0.30303,3.659308
p02694,Without_Comments,95,32,11,0.336842,4.629424
p02835,Without_Comments,116,34,11,0.293103,4.210547
p02687,Without_Comments,149,45,15,0.302013,3.609833
p02819,Without_Comments,77,30,20,0.38961,5.083987
p02412,Without_Comments,61,25,25,0.409836,4.690923
p03998,Without_Comments,82,23,23,0.280488,3.157751
p02881,Without_Comments,162,50,15,0.308642,3.674432
p02415,Without_Comments,34,9,9,0.264706,5.21117
p02627,Without_Comments,65,53,53,0.815385,3.149467
p02886,Without_Comments,172,55,14,0.319767,3.682718
p03161,Without_Comments,240,48,20,0.2,3.345346
p02629,Without_Comments,45,33,33,0.733333,4.996091
p03308,Without_Comments,143,51,15,0.356643,3.762564
p02681,Without_Comments,42,16,16,0.380952,4.483112
p02675,Without_Comments,44,36,36,0.818182,4.383991
p02818,Without_Comments,152,52,12,0.342105,4.470636
p03102,Without_Comments,208,62,11,0.298077,4.485673
p02688,Without_Comments,161,48,15,0.298137,3.601781
p02829,Without_Comments,33,25,25,0.757576,4.68147
p02628,Without_Comments,208,68,15,0.326923,3.836529
p03160,Without_Comments,237,48,20,0.202532,3.368857
p03352,Without_Comments,152,55,12,0.361842,4.938059
p02414,Without_Comments,69,22,22,0.318841,4.827551
p02887,Without_Comments,125,38,11,0.304,4.470359
p02413,Without_Comments,43,17,17,0.395349,3.790666
p02621,Without_Comments,101,28,12,0.277228,4.476728
p02880,Without_Comments,41,30,27,0.731707,4.080025
p03478,Without_Comments,138,56,17,0.405797,4.974253
p02753,Without_Comments,109,31,22,0.284404,4.087967
p02595,Without_Comments,199,63,14,0.316583,3.62122
p02754,Without_Comments,87,31,11,0.356322,4.492484
p00003,Without_Comments,60,20,20,0.333333,4.807224
p03449,Without_Comments,36,24,21,0.666667,4.680198
p03644,Without_Comments,30,16,15,0.533333,4.863049
p03012,Without_Comments,120,35,15,0.291667,4.201834
p03220,Without_Comments,138,39,11,0.282609,5.047702
p03471,Without_Comments,133,44,14,0.330827,3.49054
p02791,Without_Comments,191,57,15,0.298429,3.432814
p02731,Without_Comments,99,26,22,0.262626,3.986451
p03041,Without_Comments,104,31,11,0.298077,4.363865
p02399,Without_Comments,21,6,6,0.285714,5.0404
p02390,Without_Comments,60,11,11,0.183333,3.731931
p03242,Without_Comments,58,15,15,0.258621,4.413902
p02700,Without_Comments,25,12,12,0.48,5.142784
p03289,Without_Comments,113,51,35,0.451327,3.527948
p02707,Without_Comments,191,61,14,0.319372,3.604724
p02397,Without_Comments,28,11,11,0.392857,3.974801
p02952,Without_Comments,173,57,14,0.32948,3.716478
p02790,Without_Comments,180,55,15,0.305556,3.433816
p03470,Without_Comments,103,31,11,0.300971,4.100647
p03448,Without_Comments,53,41,41,0.773585,3.746183
p02909,Without_Comments,113,37,11,0.327434,4.301238
p03013,Without_Comments,83,22,22,0.26506,3.754845
p02755,Without_Comments,70,16,15,0.228571,3.891863
p00002,Without_Comments,32,15,15,0.46875,4.944473
p03680,Without_Comments,157,54,15,0.343949,3.697131
p00005,Without_Comments,54,16,16,0.296296,4.529034
p02396,Without_Comments,26,7,7,0.269231,4.403107
p03076,Without_Comments,85,43,43,0.505882,4.676928
p02706,Without_Comments,142,50,10,0.352113,5.076215
p02953,Without_Comments,53,14,14,0.264151,3.87106
p02701,Without_Comments,84,32,11,0.380952,4.254828
p03071,Without_Comments,116,34,11,0.293103,4.196933
p02391,Without_Comments,17,16,16,0.941176,4.429204
p03243,Without_Comments,32,19,19,0.59375,4.623003
p03281,Without_Comments,33,17,16,0.515152,4.045718
p02398,Without_Comments,29,15,15,0.517241,2.9777
p02730,Without_Comments,55,20,18,0.363636,3.939938
p03494,With_Comments,138,36,11,0.26087,4.140806
p02921,With_Comments,35,13,13,0.371429,4.211514
p02773,With_Comments,79,16,16,0.202532,4.753887
p03493,With_Comments,123,34,11,0.276423,4.235194
p03035,With_Comments,108,31,11,0.287037,4.909833
p02577,With_Comments,169,48,15,0.284024,4.844934
p02910,With_Comments,183,55,15,0.300546,4.045181
p02570,With_Comments,254,43,20,0.169291,3.422187
p03456,With_Comments,122,31,11,0.254098,4.292704
p02917,With_Comments,260,44,20,0.169231,3.412841
p03469,With_Comments,123,32,11,0.260163,4.363844
p02729,With_Comments,60,15,15,0.25,3.767577
p03059,With_Comments,116,31,11,0.267241,4.104024
p02988,With_Comments,37,16,16,0.432432,3.931506
p02381,With_Comments,71,11,11,0.15493,4.783934
p02711,With_Comments,121,31,11,0.256198,4.232538
p03854,With_Comments,52,34,32,0.653846,4.339195
p02388,With_Comments,32,6,6,0.1875,4.901474
p02718,With_Comments,243,64,14,0.263374,3.75315
p02981,With_Comments,173,43,11,0.248555,4.287044
p03434,With_Comments,129,34,11,0.263566,4.294234
p03457,With_Comments,53,14,14,0.264151,4.090391
p02571,With_Comments,301,46,20,0.152824,3.793263
p02916,With_Comments,192,63,63,0.328125,3.444509
p02576,With_Comments,245,42,20,0.171429,3.412821
p02582,With_Comments,65,25,25,0.384615,4.195383
p02911,With_Comments,189,54,15,0.285714,4.099827
p03239,With_Comments,136,33,11,0.242647,4.000345
p02772,With_Comments,117,31,11,0.264957,4.251409
p02786,With_Comments,258,65,14,0.251938,3.870406
p04012,With_Comments,82,52,52,0.634146,3.63827
p02547,With_Comments,285,49,20,0.17193,3.46893
p02578,With_Comments,262,45,20,0.171756,3.438929
p03435,With_Comments,82,23,23,0.280488,3.695522
p02719,With_Comments,204,54,15,0.264706,3.863314
p02389,With_Comments,81,12,12,0.148148,4.173182
p02987,With_Comments,91,19,19,0.208791,4.017648
p02945,With_Comments,100,34,13,0.34,4.986522
p03060,With_Comments,208,58,15,0.278846,4.086081
p02989,With_Comments,208,55,14,0.264423,4.860289
p02717,With_Comments,154,37,11,0.24026,3.972888
p02830,With_Comments,118,31,11,0.262712,4.247394
p03316,With_Comments,149,39,11,0.261745,4.479898
p02801,With_Comments,117,27,27,0.230769,4.73286
p03775,With_Comments,119,33,11,0.277311,4.278547
p02263,With_Comments,87,19,14,0.218391,4.122673
p02899,With_Comments,185,49,15,0.264865,3.978712
p02264,With_Comments,113,22,14,0.19469,3.907331
p02897,With_Comments,173,48,15,0.277457,3.940424
p03146,With_Comments,158,40,14,0.253165,3.654231
p02404,With_Comments,62,16,16,0.258065,3.742039
p02255,With_Comments,55,11,11,0.2,3.938379
p02403,With_Comments,49,12,12,0.244898,4.799459
p02699,With_Comments,180,46,15,0.255556,3.847763
p02836,With_Comments,89,14,14,0.157303,3.869407
p02831,With_Comments,103,19,19,0.184466,4.061469
p02402,With_Comments,67,12,12,0.179104,3.958854
p02405,With_Comments,106,28,28,0.264151,4.758707
p03147,With_Comments,121,38,23,0.31405,3.981209
p02639,With_Comments,204,53,11,0.259804,5.054633
p02898,With_Comments,188,49,15,0.260638,3.974488
p03720,With_Comments,128,34,11,0.265625,4.342146
p02416,With_Comments,54,14,14,0.259259,3.489468
p02411,With_Comments,47,31,31,0.659574,4.046559
p02418,With_Comments,66,13,13,0.19697,4.733696
p02612,With_Comments,60,21,21,0.35,4.230008
p02420,With_Comments,67,12,12,0.179104,3.830208
p02847,With_Comments,170,49,15,0.288235,3.979663
p03109,With_Comments,54,16,16,0.296296,4.135537
p03136,With_Comments,133,35,11,0.263158,4.192986
p02641,With_Comments,71,26,26,0.366197,4.033381
p02677,With_Comments,64,17,17,0.265625,4.387319
p03107,With_Comments,76,15,15,0.197368,3.852527
p02421,With_Comments,107,23,23,0.214953,3.542184
p02613,With_Comments,223,66,14,0.295964,4.044963
p02879,With_Comments,139,35,11,0.251799,4.195797
p02419,With_Comments,108,35,35,0.324074,3.438008
p03360,With_Comments,63,17,17,0.269841,4.080098
p02622,With_Comments,218,68,15,0.311927,4.170662
p02410,With_Comments,71,17,17,0.239437,4.81155
p02848,With_Comments,134,56,56,0.41791,3.9939
p02417,With_Comments,106,59,59,0.556604,4.034743
p03106,With_Comments,58,16,16,0.275862,3.619824
p02682,With_Comments,89,18,18,0.202247,4.296891
p02676,With_Comments,117,31,11,0.264957,3.904494
p02640,With_Comments,37,11,11,0.297297,4.243249
p02812,With_Comments,192,53,12,0.276042,4.21397
p02994,With_Comments,53,17,17,0.320755,3.949314
p02958,With_Comments,102,22,18,0.215686,4.069688
p03042,With_Comments,51,33,33,0.647059,4.373114
p02993,With_Comments,167,42,14,0.251497,4.165446
p02394,With_Comments,54,34,34,0.62963,4.256785
p02951,With_Comments,173,43,11,0.248555,4.995326
p03073,With_Comments,79,18,18,0.227848,4.21076
p02393,With_Comments,61,25,25,0.409836,4.095178
p03087,With_Comments,83,18,18,0.216867,4.017802
p04030,With_Comments,173,42,11,0.242775,3.974939
p00007,With_Comments,102,32,11,0.313725,4.248641
p02759,With_Comments,117,27,11,0.230769,4.241572
p02766,With_Comments,131,28,11,0.21374,4.190366
p02934,With_Comments,178,44,15,0.247191,4.201602
p03011,With_Comments,139,31,15,0.223022,4.265851
p02553,With_Comments,99,65,53,0.656566,4.023766
p03086,With_Comments,64,17,17,0.265625,3.988725
p02392,With_Comments,49,19,19,0.387755,4.10671
p03072,With_Comments,138,35,11,0.253623,4.233396
p03416,With_Comments,192,56,15,0.291667,4.017416
p02957,With_Comments,125,33,11,0.264,4.330452
p03075,With_Comments,42,22,22,0.52381,4.001352
p02705,With_Comments,137,32,11,0.233577,3.990841
p03043,With_Comments,190,53,13,0.278947,5.035752
p02959,With_Comments,143,36,11,0.251748,4.193482
p03285,With_Comments,41,17,17,0.414634,4.801488
p03282,With_Comments,158,50,21,0.316456,4.401311
p02995,With_Comments,120,23,21,0.191667,4.814003
p02935,With_Comments,185,45,15,0.243243,3.994433
p02552,With_Comments,265,46,20,0.173585,3.429208
p03474,With_Comments,55,26,26,0.472727,4.069584
p03814,With_Comments,117,32,11,0.273504,4.264722
p02767,With_Comments,256,65,14,0.253906,3.868682
p00006,With_Comments,44,6,6,0.136364,3.914173
p00001,With_Comments,62,12,12,0.193548,4.777467
p02947,With_Comments,107,34,33,0.317757,4.020329
p02712,With_Comments,57,16,16,0.280702,4.816817
p02982,With_Comments,223,60,14,0.269058,4.931196
p02723,With_Comments,197,54,15,0.274112,4.031693
p04044,With_Comments,174,47,11,0.270115,4.422453
p03261,With_Comments,154,46,11,0.298701,4.952284
p02971,With_Comments,84,16,16,0.190476,4.318987
p04043,With_Comments,49,18,18,0.367347,4.770107
p02724,With_Comments,229,54,15,0.235808,3.882397
p03292,With_Comments,178,54,15,0.303371,3.952291
p03000,With_Comments,158,40,14,0.253165,3.603376
p02784,With_Comments,166,36,11,0.216867,4.276921
p02777,With_Comments,49,19,18,0.387755,4.653432
p02783,With_Comments,140,32,11,0.228571,4.342846
p02922,With_Comments,112,31,11,0.276786,4.926231
p03455,With_Comments,104,30,11,0.288462,4.15271
p00011,With_Comments,71,14,14,0.197183,4.037598
p03835,With_Comments,164,44,14,0.268293,3.74595
p02779,With_Comments,186,46,11,0.247312,4.520189
p02970,With_Comments,142,32,11,0.225352,4.300222
p02725,With_Comments,259,44,20,0.169884,3.476124
p03293,With_Comments,165,44,14,0.266667,3.923014
p02983,With_Comments,214,56,14,0.261682,4.930801
p03632,With_Comments,37,15,15,0.405405,4.300009
p02946,With_Comments,126,33,11,0.261905,4.299182
p02713,With_Comments,47,14,14,0.297872,3.379076
p03695,With_Comments,53,35,35,0.660377,4.309754
p03037,With_Comments,66,15,15,0.227273,3.6402
p02778,With_Comments,146,38,11,0.260274,4.166498
p02923,With_Comments,163,40,14,0.245399,3.761642
p02771,With_Comments,38,16,16,0.421053,4.065844
p03001,With_Comments,157,42,14,0.267516,4.149115
p02785,With_Comments,255,64,14,0.25098,3.886132
p02258,With_Comments,74,13,13,0.175676,3.53064
p02409,With_Comments,116,29,29,0.25,3.78768
p02260,With_Comments,131,38,11,0.290076,4.040025
p02256,With_Comments,90,21,21,0.233333,3.692477
p02400,With_Comments,34,3,3,0.088235,4.120486
p03370,With_Comments,133,32,11,0.240602,4.075189
p02860,With_Comments,117,31,11,0.264957,3.98285
p02407,With_Comments,45,9,9,0.2,4.766531
p03324,With_Comments,184,55,15,0.298913,4.093367
p02659,With_Comments,240,61,14,0.254167,3.869736
p03315,With_Comments,29,17,17,0.586207,4.343531
p02657,With_Comments,150,37,11,0.246667,3.936015
p02802,With_Comments,165,37,15,0.224242,4.304355
p02406,With_Comments,112,24,24,0.214286,3.652046
p02268,With_Comments,65,23,20,0.353846,4.0912
p03371,With_Comments,55,19,19,0.345455,4.767911
p02257,With_Comments,73,16,16,0.219178,4.882664
p02401,With_Comments,60,13,13,0.216667,4.80398
p03378,With_Comments,65,18,18,0.276923,4.423593
p02408,With_Comments,60,15,15,0.25,4.116039
p02259,With_Comments,151,36,11,0.238411,4.91224
p03126,With_Comments,60,12,12,0.2,3.830385
p03545,With_Comments,87,18,18,0.206897,3.76078
p02693,With_Comments,190,51,12,0.268421,4.214289
p03325,With_Comments,108,60,60,0.555556,3.896758
p02658,With_Comments,170,41,11,0.241176,3.968516
p02832,With_Comments,172,50,15,0.290698,4.031231
p02694,With_Comments,125,32,11,0.256,4.562458
p02835,With_Comments,148,34,11,0.22973,4.268513
p02687,With_Comments,190,45,15,0.236842,3.88652
p02819,With_Comments,98,30,20,0.306122,4.175967
p02412,With_Comments,76,25,25,0.328947,4.737794
p03998,With_Comments,94,23,23,0.244681,3.809919
p02881,With_Comments,169,50,15,0.295858,4.02435
p02415,With_Comments,53,9,9,0.169811,4.128419
p02627,With_Comments,76,53,53,0.697368,3.40537
p02886,With_Comments,217,55,14,0.253456,3.866909
p03161,With_Comments,260,48,20,0.184615,3.690676
p02629,With_Comments,64,33,33,0.515625,4.307352
p03308,With_Comments,167,51,15,0.305389,4.072324
p02681,With_Comments,51,16,16,0.313725,4.120402
p02675,With_Comments,52,36,36,0.692308,4.177104
p02818,With_Comments,200,52,12,0.26,4.203408
p03102,With_Comments,238,62,11,0.260504,4.545505
p02688,With_Comments,195,48,15,0.246154,3.775866
p02829,With_Comments,53,25,25,0.471698,4.729203
p02628,With_Comments,220,68,15,0.309091,4.186111
p03160,With_Comments,264,48,20,0.181818,3.572348
p03352,With_Comments,174,55,12,0.316092,4.951724
p02414,With_Comments,83,22,22,0.26506,4.874637
p02887,With_Comments,148,38,11,0.256757,3.950059
p02413,With_Comments,55,17,17,0.309091,4.183057
p02621,With_Comments,132,28,12,0.212121,4.581731
p02880,With_Comments,69,30,27,0.434783,4.154121
p03478,With_Comments,171,56,17,0.327485,4.918477
p02753,With_Comments,103,31,22,0.300971,4.112679
p02595,With_Comments,249,63,14,0.253012,3.8449
p02754,With_Comments,116,31,11,0.267241,4.299511
p00003,With_Comments,75,20,20,0.266667,4.836675
p03449,With_Comments,51,24,21,0.470588,4.86607
p03644,With_Comments,60,16,15,0.266667,4.122008
p03012,With_Comments,152,35,15,0.230263,4.207981
p03220,With_Comments,168,39,11,0.232143,4.939424
p03471,With_Comments,166,44,14,0.26506,3.760364
p02791,With_Comments,202,57,15,0.282178,4.09463
p02731,With_Comments,91,26,22,0.285714,4.104515
p03041,With_Comments,128,31,11,0.242188,4.209291
p02399,With_Comments,32,6,6,0.1875,4.418783
p02390,With_Comments,80,11,11,0.1375,4.240685
p03242,With_Comments,97,15,15,0.154639,3.270712
p02700,With_Comments,35,12,12,0.342857,4.304344
p03289,With_Comments,150,51,35,0.34,3.882099
p02707,With_Comments,235,61,14,0.259574,3.829426
p02397,With_Comments,41,11,11,0.268293,3.777977
p02952,With_Comments,221,57,14,0.257919,3.902713
p02790,With_Comments,192,55,15,0.286458,4.086345
p03470,With_Comments,120,31,11,0.258333,4.207286
p03448,With_Comments,88,41,41,0.465909,3.646008
p02909,With_Comments,132,37,11,0.280303,4.347399
p03013,With_Comments,98,22,22,0.22449,3.779959
p02755,With_Comments,95,16,15,0.168421,4.065034
p00002,With_Comments,44,15,15,0.340909,4.055106
p03680,With_Comments,188,54,15,0.287234,3.885242
p00005,With_Comments,75,16,16,0.213333,3.573176
p02396,With_Comments,39,7,7,0.179487,3.989649
p03076,With_Comments,94,43,43,0.457447,3.53301
p02706,With_Comments,158,50,10,0.316456,4.991321
p02953,With_Comments,63,14,14,0.222222,3.696891
p02701,With_Comments,125,32,11,0.256,4.152627
p03071,With_Comments,148,34,11,0.22973,4.265694
p02391,With_Comments,25,16,16,0.64,4.333007
p03243,With_Comments,45,19,19,0.422222,4.591904
p03281,With_Comments,47,17,16,0.361702,4.053189
p02398,With_Comments,40,15,15,0.375,3.950848
p02730,With_Comments,69,20,18,0.289855,4.222411
p03494,DeadCode,216,71,15,0.328704,4.090403
p02921,DeadCode,37,18,16,0.486486,4.327571
p02773,DeadCode,132,33,29,0.25,3.487604
p03493,DeadCode,197,68,15,0.345178,4.171198
p03035,DeadCode,174,56,15,0.321839,3.700306
p02577,DeadCode,246,79,21,0.321138,3.923529
p02910,DeadCode,262,88,21,0.335878,3.956037
p02570,DeadCode,362,118,71,0.325967,3.491535
p03456,DeadCode,179,61,15,0.340782,4.154164
p02917,DeadCode,372,118,71,0.317204,3.522419
p03469,DeadCode,189,62,15,0.328042,4.203622
p02729,DeadCode,98,29,26,0.295918,3.325444
p03059,DeadCode,179,63,15,0.351955,3.845292
p02988,DeadCode,62,25,20,0.403226,3.875194
p02381,DeadCode,104,23,17,0.221154,3.64295
p02711,DeadCode,176,62,15,0.352273,4.126763
p03854,DeadCode,60,39,32,0.65,4.283794
p02388,DeadCode,45,12,9,0.266667,4.14959
p02718,DeadCode,351,100,18,0.2849,3.743341
p02981,DeadCode,258,81,15,0.313953,4.191199
p03434,DeadCode,224,70,15,0.3125,4.183029
p03457,DeadCode,62,22,17,0.354839,3.95917
p02571,DeadCode,384,121,71,0.315104,3.520764
p02916,DeadCode,209,89,86,0.425837,3.451872
p02576,DeadCode,351,113,71,0.321937,3.506445
p02582,DeadCode,55,33,32,0.6,4.212465
p02911,DeadCode,283,92,21,0.325088,3.927281
p03239,DeadCode,206,64,15,0.31068,3.847141
p02772,DeadCode,178,56,15,0.314607,3.869543
p02786,DeadCode,344,99,18,0.287791,3.724822
p04012,DeadCode,205,81,78,0.395122,3.460393
p02547,DeadCode,419,129,71,0.307876,3.525467
p02578,DeadCode,378,120,71,0.31746,3.505401
p03435,DeadCode,144,42,37,0.291667,3.399885
p02719,DeadCode,270,91,21,0.337037,3.963936
p02389,DeadCode,78,22,16,0.282051,3.991952
p02987,DeadCode,149,39,37,0.261745,3.30695
p02945,DeadCode,154,55,18,0.357143,4.064626
p03060,DeadCode,291,93,21,0.319588,4.021824
p02989,DeadCode,291,84,18,0.28866,3.717755
p02717,DeadCode,218,65,15,0.298165,3.778278
p02830,DeadCode,176,61,15,0.346591,4.147997
p03316,DeadCode,240,71,15,0.295833,3.797984
p02801,DeadCode,347,155,154,0.446686,3.464528
p03775,DeadCode,195,70,15,0.358974,4.112064
p02263,DeadCode,137,40,21,0.291971,3.737546
p02899,DeadCode,251,82,21,0.326693,3.905811
p02264,DeadCode,141,40,25,0.283688,3.616265
p02897,DeadCode,241,82,21,0.340249,3.930572
p03146,DeadCode,218,65,18,0.298165,3.684876
p02404,DeadCode,102,30,24,0.294118,3.451361
p02255,DeadCode,72,21,16,0.291667,3.877472
p02403,DeadCode,85,23,18,0.270588,3.561009
p02699,DeadCode,225,76,21,0.337778,3.913746
p02836,DeadCode,156,26,23,0.166667,3.793124
p02831,DeadCode,163,41,34,0.251534,3.935991
p02402,DeadCode,84,22,19,0.261905,3.877603
p02405,DeadCode,219,56,53,0.255708,2.816238
p03147,DeadCode,214,69,40,0.32243,3.341577
p02639,DeadCode,321,102,16,0.317757,4.128529
p02898,DeadCode,249,82,21,0.329317,3.942898
p03720,DeadCode,218,69,15,0.316514,4.153266
p02416,DeadCode,103,29,26,0.281553,3.066975
p02411,DeadCode,56,39,34,0.696429,4.153299
p02418,DeadCode,85,26,21,0.305882,3.704936
p02612,DeadCode,73,33,30,0.452055,4.018348
p02420,DeadCode,104,25,21,0.240385,3.105482
p02847,DeadCode,246,83,21,0.337398,3.953251
p03109,DeadCode,76,25,21,0.328947,3.84197
p03136,DeadCode,214,70,15,0.327103,4.154161
p02641,DeadCode,84,34,29,0.404762,3.864836
p02677,DeadCode,105,58,55,0.552381,4.004424
p03107,DeadCode,125,33,24,0.264,3.650113
p02421,DeadCode,145,44,40,0.303448,3.27608
p02613,DeadCode,359,107,18,0.29805,3.719175
p02879,DeadCode,191,66,15,0.34555,4.145967
p02419,DeadCode,133,51,46,0.383459,3.13472
p03360,DeadCode,92,28,25,0.304348,3.876114
p02622,DeadCode,369,123,21,0.333333,3.942884
p02410,DeadCode,107,31,25,0.28972,3.565276
p02848,DeadCode,351,139,135,0.396011,3.498163
p02417,DeadCode,231,148,143,0.640693,3.71563
p03106,DeadCode,67,26,21,0.38806,3.702735
p02682,DeadCode,116,33,27,0.284483,3.29111
p02676,DeadCode,176,61,15,0.346591,3.860145
p02640,DeadCode,57,21,15,0.368421,3.958893
p02812,DeadCode,301,88,16,0.292359,3.996391
p02994,DeadCode,85,32,26,0.376471,3.62431
p02958,DeadCode,106,29,22,0.273585,3.782981
p03042,DeadCode,54,65,63,1.203704,4.282255
p02993,DeadCode,206,63,18,0.305825,4.059385
p02394,DeadCode,47,39,34,0.829787,4.443054
p02951,DeadCode,256,80,15,0.3125,4.090853
p03073,DeadCode,121,34,30,0.280992,3.312306
p02393,DeadCode,100,40,37,0.4,3.875044
p03087,DeadCode,123,37,32,0.300813,3.730157
p04030,DeadCode,218,76,17,0.348624,4.111158
p00007,DeadCode,180,59,15,0.327778,3.767619
p02759,DeadCode,165,48,15,0.290909,3.792393
p02766,DeadCode,169,51,15,0.301775,3.782498
p02934,DeadCode,224,70,21,0.3125,3.996831
p03011,DeadCode,158,42,18,0.265823,4.277478
p02553,DeadCode,240,191,169,0.795833,3.176837
p03086,DeadCode,83,29,23,0.349398,3.916529
p02392,DeadCode,45,22,19,0.488889,4.108784
p03072,DeadCode,216,69,15,0.319444,4.171601
p03416,DeadCode,286,93,21,0.325175,3.858004
p02957,DeadCode,210,67,15,0.319048,4.159639
p03075,DeadCode,61,31,26,0.508197,3.987454
p02705,DeadCode,201,66,15,0.328358,3.839209
p03043,DeadCode,262,86,16,0.328244,4.157923
p02959,DeadCode,241,74,15,0.307054,4.08894
p03285,DeadCode,75,29,24,0.386667,3.659876
p03282,DeadCode,339,85,41,0.250737,3.451471
p02995,DeadCode,168,85,77,0.505952,3.618444
p02935,DeadCode,235,72,21,0.306383,4.009725
p02552,DeadCode,388,122,71,0.314433,3.514313
p03474,DeadCode,82,38,34,0.463415,3.721436
p03814,DeadCode,181,63,15,0.348066,4.157534
p02767,DeadCode,353,101,18,0.286119,3.726713
p00006,DeadCode,77,15,13,0.194805,3.759925
p00001,DeadCode,93,25,19,0.268817,3.722488
p02947,DeadCode,183,45,41,0.245902,3.741014
p02712,DeadCode,102,56,54,0.54902,3.010464
p02982,DeadCode,325,95,18,0.292308,3.756001
p02723,DeadCode,255,85,21,0.333333,3.964647
p04044,DeadCode,264,85,15,0.32197,3.785147
p03261,DeadCode,262,91,15,0.347328,4.111491
p02971,DeadCode,135,34,29,0.251852,3.652358
p04043,DeadCode,58,24,22,0.413793,3.743324
p02724,DeadCode,259,84,21,0.324324,3.946925
p03292,DeadCode,279,89,21,0.318996,3.78796
p03000,DeadCode,210,64,18,0.304762,3.739592
p02784,DeadCode,215,70,15,0.325581,4.143538
p02777,DeadCode,69,32,27,0.463768,4.464275
p02783,DeadCode,178,60,15,0.337079,4.222063
p02922,DeadCode,180,61,15,0.338889,3.88283
p03455,DeadCode,171,55,15,0.321637,3.740962
p00011,DeadCode,113,26,23,0.230088,3.551423
p03835,DeadCode,224,68,18,0.303571,3.732983
p02779,DeadCode,277,89,15,0.3213,3.913176
p02970,DeadCode,178,60,15,0.337079,4.232902
p02725,DeadCode,372,118,71,0.317204,3.509826
p03293,DeadCode,232,71,18,0.306034,3.73749
p02983,DeadCode,305,94,18,0.308197,3.722948
p03632,DeadCode,43,21,19,0.488372,3.974175
p02946,DeadCode,198,65,15,0.328283,4.212972
p02713,DeadCode,74,26,20,0.351351,3.273075
p03695,DeadCode,118,48,44,0.40678,3.679921
p03037,DeadCode,80,26,22,0.325,3.337725
p02778,DeadCode,199,64,15,0.321608,4.059584
p02923,DeadCode,220,64,18,0.290909,3.712286
p02771,DeadCode,31,18,16,0.580645,4.189735
p03001,DeadCode,208,66,18,0.317308,4.063572
p02785,DeadCode,344,98,18,0.284884,3.743488
p02258,DeadCode,131,29,21,0.221374,3.484412
p02409,DeadCode,176,47,43,0.267045,3.351617
p02260,DeadCode,225,73,15,0.324444,3.883026
p02256,DeadCode,155,42,35,0.270968,3.509993
p02400,DeadCode,34,6,5,0.176471,4.255064
p03370,DeadCode,193,59,15,0.305699,3.916489
p02860,DeadCode,184,58,15,0.315217,3.769255
p02407,DeadCode,89,20,16,0.224719,3.574765
p03324,DeadCode,278,90,21,0.323741,3.843602
p02659,DeadCode,318,95,18,0.298742,3.747184
p03315,DeadCode,28,35,33,1.25,4.503002
p02657,DeadCode,209,65,15,0.311005,3.808683
p02802,DeadCode,180,62,19,0.344444,3.990706
p02406,DeadCode,108,39,33,0.361111,3.402966
p02268,DeadCode,148,43,35,0.290541,3.427359
p03371,DeadCode,84,30,27,0.357143,3.630816
p02257,DeadCode,108,33,29,0.305556,3.89031
p02401,DeadCode,73,29,26,0.39726,3.967615
p03378,DeadCode,108,35,28,0.324074,3.689541
p02408,DeadCode,402,135,130,0.335821,3.215893
p02259,DeadCode,222,72,15,0.324324,4.045041
p03126,DeadCode,84,23,19,0.27381,3.410761
p03545,DeadCode,106,29,27,0.273585,3.36648
p02693,DeadCode,305,86,16,0.281967,3.956165
p03325,DeadCode,343,150,148,0.437318,3.590525
p02658,DeadCode,264,82,15,0.310606,3.758833
p02832,DeadCode,257,84,21,0.326848,3.899283
p02694,DeadCode,179,63,15,0.351955,4.186483
p02835,DeadCode,197,66,15,0.335025,4.19474
p02687,DeadCode,215,74,21,0.344186,3.924156
p02819,DeadCode,177,49,33,0.276836,3.95078
p02412,DeadCode,123,44,37,0.357724,3.201973
p03998,DeadCode,123,41,38,0.333333,3.24251
p02881,DeadCode,252,89,21,0.353175,3.943575
p02415,DeadCode,64,17,13,0.265625,4.097874
p02627,DeadCode,438,261,259,0.59589,3.405309
p02886,DeadCode,289,83,18,0.287197,3.73741
p03161,DeadCode,395,125,71,0.316456,3.596338
p02629,DeadCode,137,71,67,0.518248,4.02387
p03308,DeadCode,251,81,21,0.322709,3.837027
p02681,DeadCode,80,26,20,0.325,3.940312
p02675,DeadCode,56,41,36,0.732143,4.259183
p02818,DeadCode,316,92,16,0.291139,3.949478
p03102,DeadCode,365,107,15,0.293151,3.890606
p02688,DeadCode,240,80,21,0.333333,3.916557
p02829,DeadCode,80,37,36,0.4625,3.823447
p02628,DeadCode,375,123,21,0.328,3.933931
p03160,DeadCode,386,123,71,0.318653,3.595819
p03352,DeadCode,328,101,25,0.307927,3.725158
p02414,DeadCode,135,38,32,0.281481,3.515244
p02887,DeadCode,224,69,15,0.308036,3.785789
p02413,DeadCode,110,31,27,0.281818,3.517485
p02621,DeadCode,300,78,33,0.26,3.422122
p02880,DeadCode,79,40,35,0.506329,4.01917
p03478,DeadCode,261,99,22,0.37931,4.005042
p02753,DeadCode,237,60,41,0.253165,3.371819
p02595,DeadCode,338,102,18,0.301775,3.739283
p02754,DeadCode,184,63,15,0.342391,4.137973
p00003,DeadCode,119,37,31,0.310924,3.624545
p03449,DeadCode,70,33,24,0.471429,4.062301
p03644,DeadCode,70,27,22,0.385714,3.948883
p03012,DeadCode,194,51,18,0.262887,4.194665
p03220,DeadCode,225,69,15,0.306667,4.162201
p03471,DeadCode,248,74,18,0.298387,3.646487
p02791,DeadCode,307,100,21,0.325733,3.931722
p02731,DeadCode,198,51,41,0.257576,3.424505
p03041,DeadCode,178,59,15,0.331461,4.179945
p02399,DeadCode,36,13,11,0.361111,4.454983
p02390,DeadCode,72,20,14,0.277778,4.050716
p03242,DeadCode,75,22,21,0.293333,3.194159
p02700,DeadCode,35,16,14,0.457143,4.29089
p03289,DeadCode,179,72,42,0.402235,3.838778
p02707,DeadCode,326,92,18,0.282209,3.698506
p02397,DeadCode,68,23,15,0.338235,3.86443
p02952,DeadCode,304,89,18,0.292763,3.727503
p02790,DeadCode,286,95,21,0.332168,3.922516
p03470,DeadCode,189,59,15,0.312169,3.902444
p03448,DeadCode,167,64,60,0.383234,3.26716
p02909,DeadCode,205,71,15,0.346341,4.194155
p03013,DeadCode,156,43,38,0.275641,3.431258
p02755,DeadCode,109,36,33,0.330275,3.852223
p00002,DeadCode,46,21,17,0.456522,4.043169
p03680,DeadCode,275,87,21,0.316364,3.816619
p00005,DeadCode,120,56,52,0.466667,3.195144
p02396,DeadCode,57,17,15,0.298246,3.986832
p03076,DeadCode,160,62,58,0.3875,3.333506
p02706,DeadCode,280,82,13,0.292857,4.000984
p02953,DeadCode,85,26,22,0.305882,3.462899
p02701,DeadCode,187,63,15,0.336898,4.167304
p03071,DeadCode,198,66,15,0.333333,4.167997
p02391,DeadCode,41,23,19,0.560976,4.167317
p03243,DeadCode,73,30,28,0.410959,3.690843
p03281,DeadCode,56,22,17,0.392857,3.680996
p02398,DeadCode,52,23,18,0.442308,3.912811
p02730,DeadCode,110,37,25,0.336364,3.956173
p03494,Encryption,155,41,11,0.264516,4.356025
p02921,Encryption,85,21,13,0.247059,4.823246
p02773,Encryption,62,15,14,0.241935,4.140911
p03493,Encryption,168,42,11,0.25,4.534118
p03035,Encryption,135,35,11,0.259259,4.042513
p02577,Encryption,244,57,15,0.233607,4.255315
p02910,Encryption,276,66,15,0.23913,4.310487
p02570,Encryption,215,37,4,0.172093,4.524353
p03456,Encryption,174,40,11,0.229885,4.600268
p02917,Encryption,200,35,4,0.175,4.476631
p03469,Encryption,175,40,11,0.228571,4.642496
p02729,Encryption,47,16,15,0.340426,3.647704
p03059,Encryption,133,35,11,0.263158,4.116562
p02988,Encryption,34,17,16,0.5,4.250277
p02381,Encryption,102,16,10,0.156863,4.605077
p02711,Encryption,153,38,11,0.248366,4.549584
p03854,Encryption,108,40,32,0.37037,4.656423
p02388,Encryption,36,8,6,0.222222,4.366084
p02718,Encryption,310,73,13,0.235484,4.161503
p02981,Encryption,183,47,11,0.256831,4.449302
p03434,Encryption,164,40,11,0.243902,4.459392
p03457,Encryption,84,21,14,0.25,4.647429
p02571,Encryption,206,37,4,0.179612,4.507182
p02916,Encryption,170,64,63,0.376471,3.629374
p02576,Encryption,182,32,4,0.175824,4.48433
p02582,Encryption,37,26,25,0.702703,4.549931
p02911,Encryption,267,63,15,0.235955,4.212255
p03239,Encryption,182,41,11,0.225275,4.273215
p02772,Encryption,187,41,11,0.219251,4.397661
p02786,Encryption,272,69,13,0.253676,3.993839
p04012,Encryption,197,56,52,0.284264,4.100747
p02547,Encryption,250,45,5,0.18,4.538304
p02578,Encryption,202,36,4,0.178218,4.484772
p03435,Encryption,121,29,23,0.239669,4.13878
p02719,Encryption,230,58,15,0.252174,4.142139
p02389,Encryption,110,13,12,0.118182,4.270422
p02987,Encryption,166,27,19,0.162651,4.639649
p02945,Encryption,106,35,13,0.330189,4.130377
p03060,Encryption,241,62,15,0.257261,4.20159
p02989,Encryption,254,62,13,0.244094,4.128906
p02717,Encryption,166,41,11,0.246988,4.042112
p02830,Encryption,131,35,11,0.267176,4.418536
p03316,Encryption,223,47,11,0.210762,4.295392
p02801,Encryption,166,9,2,0.054217,5.027354
p03775,Encryption,129,36,11,0.27907,4.356975
p02263,Encryption,104,25,14,0.240385,4.184123
p02899,Encryption,232,56,15,0.241379,4.17315
p02264,Encryption,92,23,14,0.25,3.919255
p02897,Encryption,223,55,15,0.246637,4.172481
p03146,Encryption,187,43,13,0.229947,4.088492
p02404,Encryption,94,22,16,0.234043,4.516076
p02255,Encryption,46,12,11,0.26087,4.221831
p02403,Encryption,69,16,12,0.231884,4.511759
p02699,Encryption,225,54,15,0.24,4.244679
p02836,Encryption,113,15,14,0.132743,3.997524
p02831,Encryption,119,20,19,0.168067,4.202168
p02402,Encryption,80,16,12,0.2,4.437769
p02405,Encryption,211,36,28,0.170616,4.532858
p03147,Encryption,159,41,22,0.257862,3.963416
p02639,Encryption,227,57,11,0.251101,4.367455
p02898,Encryption,227,56,15,0.246696,4.174538
p03720,Encryption,163,40,11,0.245399,4.445894
p02416,Encryption,106,17,13,0.160377,4.13433
p02411,Encryption,110,39,31,0.354545,4.765537
p02418,Encryption,79,18,12,0.227848,4.643613
p02612,Encryption,45,22,21,0.488889,4.47436
p02420,Encryption,100,17,11,0.17,4.190837
p02847,Encryption,275,60,15,0.218182,4.403161
p03109,Encryption,115,24,16,0.208696,4.634066
p03136,Encryption,191,45,11,0.235602,4.578136
p02641,Encryption,62,27,26,0.435484,3.931783
p02677,Encryption,53,18,17,0.339623,4.531922
p03107,Encryption,94,18,15,0.191489,3.5537
p02421,Encryption,83,24,23,0.289157,3.594829
p02613,Encryption,335,77,13,0.229851,4.229368
p02879,Encryption,148,40,11,0.27027,4.39787
p02419,Encryption,102,38,34,0.372549,3.942879
p03360,Encryption,61,18,17,0.295082,4.146305
p02622,Encryption,306,79,15,0.25817,4.265056
p02410,Encryption,122,25,17,0.204918,4.432039
p02848,Encryption,384,64,56,0.166667,4.464439
p02417,Encryption,404,67,59,0.165842,4.593911
p03106,Encryption,46,17,16,0.369565,3.722957
p02682,Encryption,64,18,17,0.28125,3.768596
p02676,Encryption,132,35,11,0.265152,4.163511
p02640,Encryption,91,19,11,0.208791,4.792978
p02812,Encryption,279,61,12,0.218638,4.382791
p02994,Encryption,40,18,17,0.45,4.019521
p02958,Encryption,161,30,18,0.186335,4.56846
p03042,Encryption,149,41,33,0.275168,5.022285
p02993,Encryption,240,53,13,0.220833,4.536667
p02394,Encryption,105,43,34,0.409524,4.804938
p02951,Encryption,177,47,11,0.265537,4.372258
p03073,Encryption,93,22,18,0.236559,3.930704
p02393,Encryption,51,26,25,0.509804,4.125557
p03087,Encryption,120,24,18,0.2,4.447318
p04030,Encryption,180,45,11,0.25,4.209832
p00007,Encryption,134,35,11,0.261194,4.03558
p02759,Encryption,134,32,11,0.238806,4.170431
p02766,Encryption,134,32,11,0.238806,4.099161
p02934,Encryption,205,50,15,0.243902,4.230155
p03011,Encryption,142,33,15,0.232394,4.432232
p02553,Encryption,135,71,53,0.525926,4.350499
p03086,Encryption,71,21,17,0.295775,4.447088
p02392,Encryption,111,27,19,0.243243,4.762636
p03072,Encryption,160,40,11,0.25,4.459048
p03416,Encryption,203,60,15,0.295567,4.012487
p02957,Encryption,183,42,11,0.229508,4.525965
p03075,Encryption,90,28,22,0.311111,4.660599
p02705,Encryption,141,37,11,0.262411,4.088852
p03043,Encryption,253,63,13,0.249012,4.690598
p02959,Encryption,173,42,11,0.242775,4.424322
p03285,Encryption,87,23,17,0.264368,4.695015
p03282,Encryption,263,57,21,0.21673,4.118514
p02995,Encryption,48,24,21,0.5,4.221698
p02935,Encryption,212,51,15,0.240566,4.20627
p02552,Encryption,243,42,4,0.17284,4.535294
p03474,Encryption,91,32,26,0.351648,4.657337
p03814,Encryption,137,36,11,0.262774,4.425778
p02767,Encryption,274,69,13,0.251825,4.060512
p00006,Encryption,68,10,6,0.147059,4.30457
p00001,Encryption,60,15,13,0.25,4.113323
p02947,Encryption,230,35,33,0.152174,3.805411
p02712,Encryption,41,17,16,0.414634,3.867787
p02982,Encryption,248,64,13,0.258065,4.066482
p02723,Encryption,252,61,15,0.242063,4.294727
p04044,Encryption,192,51,11,0.265625,4.037312
p03261,Encryption,219,55,11,0.251142,4.533382
p02971,Encryption,72,18,16,0.25,3.981248
p04043,Encryption,89,24,18,0.269663,4.601257
p02724,Encryption,233,58,15,0.248927,4.099219
p03292,Encryption,198,58,15,0.292929,4.048708
p03000,Encryption,183,44,13,0.240437,4.10434
p02784,Encryption,196,45,11,0.229592,4.623935
p02777,Encryption,142,27,18,0.190141,4.883798
p02783,Encryption,133,35,11,0.263158,4.502656
p02922,Encryption,138,35,11,0.253623,4.117606
p03455,Encryption,155,37,11,0.23871,4.296034
p00011,Encryption,104,20,14,0.192308,4.516956
p03835,Encryption,189,48,13,0.253968,3.977327
p02779,Encryption,245,57,11,0.232653,4.290514
p02970,Encryption,132,35,11,0.265152,4.506263
p02725,Encryption,203,35,4,0.172414,4.477107
p03293,Encryption,215,51,13,0.237209,4.095229
p02983,Encryption,262,64,13,0.244275,4.166811
p03632,Encryption,29,16,15,0.551724,4.224548
p02946,Encryption,181,41,11,0.226519,4.613265
p02713,Encryption,40,15,14,0.375,3.706146
p03695,Encryption,101,36,35,0.356436,3.971699
p03037,Encryption,56,16,15,0.285714,3.379287
p02778,Encryption,181,45,11,0.248619,4.541206
p02923,Encryption,188,44,13,0.234043,4.066692
p02771,Encryption,81,22,16,0.271605,4.736544
p03001,Encryption,223,51,13,0.2287,4.511061
p02785,Encryption,285,70,13,0.245614,4.074864
p02258,Encryption,67,14,13,0.208955,3.596663
p02409,Encryption,153,35,29,0.228758,4.285984
p02260,Encryption,178,45,11,0.252809,4.237114
p02256,Encryption,104,25,21,0.240385,4.106081
p02400,Encryption,76,9,3,0.118421,4.66464
p03370,Encryption,157,37,11,0.235669,4.192577
p02860,Encryption,178,40,11,0.224719,4.331261
p02407,Encryption,109,17,9,0.155963,4.684858
p03324,Encryption,203,59,15,0.29064,4.038923
p02659,Encryption,298,70,13,0.234899,4.211294
p03315,Encryption,113,25,17,0.221239,4.999285
p02657,Encryption,156,40,11,0.25641,4.022205
p02802,Encryption,161,47,15,0.291925,4.469439
p02406,Encryption,68,25,24,0.367647,3.820022
p02268,Encryption,114,27,20,0.236842,4.182279
p03371,Encryption,48,20,19,0.416667,3.919911
p02257,Encryption,71,17,16,0.239437,4.402413
p02401,Encryption,111,21,13,0.189189,4.759625
p03378,Encryption,58,20,18,0.344828,3.960528
p02408,Encryption,294,71,67,0.241497,3.75642
p02259,Encryption,178,43,11,0.241573,4.456016
p03126,Encryption,52,13,12,0.25,3.674688
p03545,Encryption,118,22,18,0.186441,3.975908
p02693,Encryption,290,62,12,0.213793,4.403534
p03325,Encryption,138,61,60,0.442029,3.707709
p02658,Encryption,186,45,11,0.241935,4.051106
p02832,Encryption,228,56,15,0.245614,4.119766
p02694,Encryption,133,35,11,0.263158,4.421813
p02835,Encryption,173,41,11,0.236994,4.638982
p02687,Encryption,225,53,15,0.235556,4.277338
p02819,Encryption,115,33,20,0.286957,4.333176
p02412,Encryption,90,30,25,0.333333,4.136932
p03998,Encryption,167,31,23,0.185629,4.566067
p02881,Encryption,214,55,15,0.257009,4.110604
p02415,Encryption,105,17,9,0.161905,4.744701
p02627,Encryption,173,10,2,0.057803,5.017104
p02886,Encryption,238,59,13,0.247899,4.070288
p03161,Encryption,217,39,6,0.179724,4.489063
p02629,Encryption,213,41,33,0.192488,4.722537
p03308,Encryption,191,55,15,0.287958,4.061042
p02681,Encryption,77,20,16,0.25974,4.49321
p02675,Encryption,132,45,36,0.340909,4.807862
p02818,Encryption,284,60,12,0.211268,4.361892
p03102,Encryption,332,76,11,0.228916,4.303439
p02688,Encryption,193,51,15,0.264249,4.034996
p02829,Encryption,43,26,25,0.604651,4.134229
p02628,Encryption,313,79,15,0.252396,4.299566
p03160,Encryption,218,39,6,0.178899,4.529603
p03352,Encryption,199,56,12,0.281407,4.095335
p02414,Encryption,145,30,22,0.206897,4.479819
p02887,Encryption,165,42,11,0.254545,4.059553
p02413,Encryption,65,19,17,0.292308,3.647945
p02621,Encryption,161,29,12,0.180124,4.771913
p02880,Encryption,126,38,27,0.301587,4.853769
p03478,Encryption,194,60,17,0.309278,4.307601
p02753,Encryption,143,37,22,0.258741,4.431382
p02595,Encryption,281,69,13,0.245552,4.059145
p02754,Encryption,126,34,11,0.269841,4.403596
p00003,Encryption,115,26,20,0.226087,4.52915
p03449,Encryption,38,25,21,0.657895,4.284596
p03644,Encryption,51,17,15,0.333333,4.435446
p03012,Encryption,156,37,15,0.237179,4.355594
p03220,Encryption,211,47,11,0.222749,4.599764
p03471,Encryption,215,51,13,0.237209,4.154276
p02791,Encryption,255,63,15,0.247059,4.178653
p02731,Encryption,127,32,22,0.251969,4.431932
p03041,Encryption,142,35,11,0.246479,4.435589
p02399,Encryption,61,10,6,0.163934,4.806865
p02390,Encryption,133,12,11,0.090226,4.259507
p03242,Encryption,62,16,15,0.258065,3.628493
p02700,Encryption,60,16,12,0.266667,4.786327
p03289,Encryption,220,63,35,0.286364,4.532248
p02707,Encryption,281,67,13,0.238434,4.063623
p02397,Encryption,69,16,11,0.231884,4.579627
p02952,Encryption,272,66,13,0.242647,4.183182
p02790,Encryption,271,64,15,0.236162,4.203313
p03470,Encryption,150,36,11,0.24,4.214635
p03448,Encryption,71,42,41,0.591549,3.721405
p02909,Encryption,215,49,11,0.227907,4.68127
p03013,Encryption,122,26,22,0.213115,3.793814
p02755,Encryption,72,20,15,0.277778,4.594424
p00002,Encryption,104,22,15,0.211538,4.850001
p03680,Encryption,208,58,15,0.278846,3.998077
p00005,Encryption,40,14,14,0.35,3.406328
p02396,Encryption,62,11,7,0.177419,4.755384
p03076,Encryption,131,44,43,0.335878,3.798809
p02706,Encryption,194,54,9,0.278351,4.507377
p02953,Encryption,95,20,14,0.210526,4.403611
p02701,Encryption,135,36,11,0.266667,4.448042
p03071,Encryption,147,38,11,0.258503,4.408992
p02391,Encryption,71,22,16,0.309859,4.917608
p03243,Encryption,74,23,19,0.310811,4.653972
p03281,Encryption,63,20,16,0.31746,4.138686
p02398,Encryption,34,16,15,0.470588,4.232813
p02730,Encryption,96,26,19,0.270833,4.413405
p03494,Variable_Renaming,133,37,11,0.278195,3.819041
p02921,Variable_Renaming,22,14,13,0.636364,3.584418
p02773,Variable_Renaming,55,15,14,0.272727,3.360278
p03493,Variable_Renaming,122,35,11,0.286885,3.916703
p03035,Variable_Renaming,107,32,11,0.299065,3.6275
p02577,Variable_Renaming,172,49,15,0.284884,3.537432
p02910,Variable_Renaming,193,56,15,0.290155,3.520375
p02570,Variable_Renaming,205,45,20,0.219512,3.495182
p03456,Variable_Renaming,114,32,11,0.280702,3.902623
p02917,Variable_Renaming,210,46,20,0.219048,3.456295
p03469,Variable_Renaming,122,33,11,0.270492,3.98667
p02729,Variable_Renaming,39,16,15,0.410256,2.853481
p03059,Variable_Renaming,112,32,11,0.285714,3.700709
p02988,Variable_Renaming,25,17,16,0.68,2.765551
p02381,Variable_Renaming,50,11,10,0.22,3.1515
p02711,Variable_Renaming,105,32,11,0.304762,3.938025
p03854,Variable_Renaming,50,35,32,0.7,3.714963
p02388,Variable_Renaming,28,7,6,0.25,4.08431
p02718,Variable_Renaming,240,64,13,0.266667,3.419568
p02981,Variable_Renaming,161,44,11,0.273292,3.834235
p03434,Variable_Renaming,141,36,11,0.255319,3.91216
p03457,Variable_Renaming,35,15,14,0.428571,3.166346
p02571,Variable_Renaming,218,48,20,0.220183,3.491294
p02916,Variable_Renaming,145,64,63,0.441379,2.999543
p02576,Variable_Renaming,202,44,20,0.217822,3.492149
p02582,Variable_Renaming,27,26,25,0.962963,4.057442
p02911,Variable_Renaming,201,55,15,0.273632,3.477359
p03239,Variable_Renaming,129,34,11,0.263566,3.711049
p02772,Variable_Renaming,117,32,11,0.273504,3.72794
p02786,Variable_Renaming,248,65,13,0.262097,3.437526
p04012,Variable_Renaming,141,53,52,0.375887,2.933698
p02547,Variable_Renaming,220,51,20,0.231818,3.488314
p02578,Variable_Renaming,211,47,20,0.222749,3.446668
p03435,Variable_Renaming,71,24,23,0.338028,2.887821
p02719,Variable_Renaming,200,55,15,0.275,3.565436
p02389,Variable_Renaming,49,13,12,0.265306,3.08408
p02987,Variable_Renaming,74,20,19,0.27027,3.449561
p02945,Variable_Renaming,95,34,13,0.357895,3.096062
p03060,Variable_Renaming,214,59,15,0.275701,3.579825
p02989,Variable_Renaming,208,55,13,0.264423,3.41639
p02717,Variable_Renaming,149,38,11,0.255034,3.669912
p02830,Variable_Renaming,110,32,11,0.290909,3.893962
p03316,Variable_Renaming,149,40,11,0.268456,3.698041
p02801,Variable_Renaming,114,27,26,0.236842,3.348716
p03775,Variable_Renaming,118,34,11,0.288136,3.837622
p02263,Variable_Renaming,80,21,14,0.2625,3.348359
p02899,Variable_Renaming,183,50,15,0.273224,3.508336
p02264,Variable_Renaming,89,23,14,0.258427,3.199527
p02897,Variable_Renaming,177,49,15,0.276836,3.547967
p03146,Variable_Renaming,148,39,13,0.263514,3.49063
p02404,Variable_Renaming,46,17,16,0.369565,3.342851
p02255,Variable_Renaming,38,12,11,0.315789,3.116512
p02403,Variable_Renaming,38,13,12,0.342105,3.422808
p02699,Variable_Renaming,165,47,15,0.284848,3.496507
p02836,Variable_Renaming,100,15,14,0.15,3.775925
p02831,Variable_Renaming,84,20,19,0.238095,3.285095
p02402,Variable_Renaming,49,13,12,0.265306,3.24525
p02405,Variable_Renaming,95,29,28,0.305263,3.2274
p03147,Variable_Renaming,127,38,22,0.299213,3.268258
p02639,Variable_Renaming,210,54,11,0.257143,3.680493
p02898,Variable_Renaming,181,50,15,0.276243,3.503628
p03720,Variable_Renaming,137,36,11,0.262774,3.849001
p02416,Variable_Renaming,60,14,13,0.233333,3.136166
p02411,Variable_Renaming,36,32,31,0.888889,3.468049
p02418,Variable_Renaming,34,13,12,0.382353,3.573005
p02612,Variable_Renaming,31,22,21,0.709677,3.693074
p02420,Variable_Renaming,53,12,11,0.226415,2.921388
p02847,Variable_Renaming,177,50,15,0.282486,3.56972
p03109,Variable_Renaming,45,17,16,0.377778,3.685239
p03136,Variable_Renaming,131,36,11,0.274809,3.869699
p02641,Variable_Renaming,55,27,26,0.490909,2.998244
p02677,Variable_Renaming,47,18,17,0.382979,3.614616
p03107,Variable_Renaming,78,17,15,0.217949,2.956758
p02421,Variable_Renaming,75,24,23,0.32,2.902958
p02613,Variable_Renaming,244,66,13,0.270492,3.431748
p02879,Variable_Renaming,124,36,11,0.290323,3.817516
p02419,Variable_Renaming,73,35,34,0.479452,2.936724
p03360,Variable_Renaming,50,18,17,0.36,3.217997
p02622,Variable_Renaming,234,69,15,0.294872,3.537521
p02410,Variable_Renaming,57,18,17,0.315789,2.954484
p02848,Variable_Renaming,225,57,56,0.253333,3.168888
p02417,Variable_Renaming,139,60,59,0.431655,3.384321
p03106,Variable_Renaming,40,17,16,0.425,3.050912
p02682,Variable_Renaming,58,18,17,0.310345,2.782599
p02676,Variable_Renaming,111,32,11,0.288288,3.727856
p02640,Variable_Renaming,26,12,11,0.461538,3.511167
p02812,Variable_Renaming,213,53,12,0.248826,3.77561
p02994,Variable_Renaming,33,18,17,0.545455,2.981473
p02958,Variable_Renaming,83,22,18,0.26506,3.259144
p03042,Variable_Renaming,35,34,33,0.971429,3.834485
p02993,Variable_Renaming,148,41,13,0.277027,3.674562
p02394,Variable_Renaming,36,35,34,0.972222,3.261414
p02951,Variable_Renaming,161,44,11,0.273292,3.668793
p03073,Variable_Renaming,65,19,18,0.292308,2.967467
p02393,Variable_Renaming,46,26,25,0.565217,3.016059
p03087,Variable_Renaming,73,19,18,0.260274,3.117551
p04030,Variable_Renaming,150,42,11,0.28,3.614412
p00007,Variable_Renaming,115,32,11,0.278261,3.640466
p02759,Variable_Renaming,105,28,11,0.266667,3.670876
p02766,Variable_Renaming,116,29,11,0.25,3.601611
p02934,Variable_Renaming,168,46,15,0.27381,3.632843
p03011,Variable_Renaming,138,32,15,0.231884,3.794861
p02553,Variable_Renaming,101,67,53,0.663366,3.426815
p03086,Variable_Renaming,40,18,17,0.45,3.113312
p02392,Variable_Renaming,39,20,19,0.512821,3.26892
p03072,Variable_Renaming,133,36,11,0.270677,3.869973
p03416,Variable_Renaming,186,57,15,0.306452,3.501088
p02957,Variable_Renaming,137,35,11,0.255474,3.887367
p03075,Variable_Renaming,29,23,22,0.793103,3.330832
p02705,Variable_Renaming,123,34,11,0.276423,3.671952
p03043,Variable_Renaming,175,53,13,0.302857,3.78887
p02959,Variable_Renaming,149,38,11,0.255034,3.734286
p03285,Variable_Renaming,28,18,17,0.642857,3.393715
p03282,Variable_Renaming,205,51,21,0.24878,3.583924
p02995,Variable_Renaming,42,24,21,0.571429,2.824061
p02935,Variable_Renaming,174,47,15,0.270115,3.613485
p02552,Variable_Renaming,215,48,20,0.223256,3.495265
p03474,Variable_Renaming,35,27,26,0.771429,3.078694
p03814,Variable_Renaming,114,33,11,0.289474,3.894516
p02767,Variable_Renaming,245,65,13,0.265306,3.401594
p00006,Variable_Renaming,36,7,6,0.194444,3.516366
p00001,Variable_Renaming,51,14,13,0.27451,3.144101
p02947,Variable_Renaming,147,35,33,0.238095,3.273142
p02712,Variable_Renaming,36,17,16,0.472222,3.035609
p02982,Variable_Renaming,221,60,13,0.271493,3.379508
p02723,Variable_Renaming,196,55,15,0.280612,3.591825
p04044,Variable_Renaming,175,47,11,0.268571,3.575656
p03261,Variable_Renaming,158,47,11,0.297468,3.767277
p02971,Variable_Renaming,60,17,16,0.283333,3.134258
p04043,Variable_Renaming,39,19,18,0.487179,3.217855
p02724,Variable_Renaming,204,55,15,0.269608,3.525559
p03292,Variable_Renaming,181,55,15,0.303867,3.48382
p03000,Variable_Renaming,141,40,13,0.283688,3.424429
p02784,Variable_Renaming,135,37,11,0.274074,3.873569
p02777,Variable_Renaming,61,20,18,0.327869,3.95518
p02783,Variable_Renaming,122,33,11,0.270492,3.953886
p02922,Variable_Renaming,116,32,11,0.275862,3.717016
p03455,Variable_Renaming,104,31,11,0.298077,3.659536
p00011,Variable_Renaming,58,15,14,0.258621,3.274083
p03835,Variable_Renaming,156,44,13,0.282051,3.447931
p02779,Variable_Renaming,178,47,11,0.264045,3.717712
p02970,Variable_Renaming,122,33,11,0.270492,3.951117
p02725,Variable_Renaming,212,46,20,0.216981,3.462358
p03293,Variable_Renaming,159,44,13,0.27673,3.502648
p02983,Variable_Renaming,210,56,13,0.266667,3.406742
p03632,Variable_Renaming,24,16,15,0.666667,3.06025
p02946,Variable_Renaming,131,34,11,0.259542,3.936916
p02713,Variable_Renaming,32,15,14,0.46875,2.837828
p03695,Variable_Renaming,87,36,35,0.413793,3.040526
p03037,Variable_Renaming,50,16,15,0.32,2.676816
p02778,Variable_Renaming,132,39,11,0.295455,3.877821
p02923,Variable_Renaming,152,40,13,0.263158,3.446927
p02771,Variable_Renaming,28,17,16,0.607143,3.205204
p03001,Variable_Renaming,146,41,13,0.280822,3.68877
p02785,Variable_Renaming,244,64,13,0.262295,3.414548
p02258,Variable_Renaming,60,14,13,0.233333,2.911014
p02409,Variable_Renaming,96,30,29,0.3125,3.335141
p02260,Variable_Renaming,135,39,11,0.288889,3.586817
p02256,Variable_Renaming,76,22,21,0.289474,3.289671
p02400,Variable_Renaming,26,4,3,0.153846,3.820883
p03370,Variable_Renaming,131,33,11,0.251908,3.710337
p02860,Variable_Renaming,109,32,11,0.293578,3.644824
p02407,Variable_Renaming,40,10,9,0.25,3.647528
p03324,Variable_Renaming,187,56,15,0.299465,3.495741
p02659,Variable_Renaming,230,61,13,0.265217,3.459301
p03315,Variable_Renaming,25,18,17,0.72,3.981293
p02657,Variable_Renaming,140,38,11,0.271429,3.641283
p02802,Variable_Renaming,101,38,15,0.376238,3.395858
p02406,Variable_Renaming,59,25,24,0.423729,3.278919
p02268,Variable_Renaming,80,24,20,0.3,3.101057
p03371,Variable_Renaming,42,20,19,0.47619,2.661573
p02257,Variable_Renaming,52,17,16,0.326923,3.468827
p02401,Variable_Renaming,42,14,13,0.333333,3.598261
p03378,Variable_Renaming,49,19,18,0.387755,2.939124
p02408,Variable_Renaming,250,68,67,0.272,2.842192
p02259,Variable_Renaming,131,37,11,0.282443,3.733881
p03126,Variable_Renaming,44,13,12,0.295455,2.88674
p03545,Variable_Renaming,82,19,18,0.231707,2.950596
p02693,Variable_Renaming,213,51,12,0.239437,3.765489
p03325,Variable_Renaming,132,61,60,0.462121,3.019482
p02658,Variable_Renaming,162,42,11,0.259259,3.614489
p02832,Variable_Renaming,184,51,15,0.277174,3.497659
p02694,Variable_Renaming,114,32,11,0.280702,3.887518
p02835,Variable_Renaming,126,35,11,0.277778,3.938043
p02687,Variable_Renaming,161,46,15,0.285714,3.50908
p02819,Variable_Renaming,103,31,20,0.300971,3.358791
p02412,Variable_Renaming,54,26,25,0.481481,3.380765
p03998,Variable_Renaming,73,24,23,0.328767,3.058358
p02881,Variable_Renaming,180,51,15,0.283333,3.513281
p02415,Variable_Renaming,40,10,9,0.25,3.332083
p02627,Variable_Renaming,70,54,53,0.771429,3.058692
p02886,Variable_Renaming,207,55,13,0.2657,3.402919
p03161,Variable_Renaming,225,50,20,0.222222,3.571445
p02629,Variable_Renaming,104,34,33,0.326923,3.361954
p03308,Variable_Renaming,175,52,15,0.297143,3.5138
p02681,Variable_Renaming,42,17,16,0.404762,3.335392
p02675,Variable_Renaming,45,37,36,0.822222,3.763247
p02818,Variable_Renaming,219,52,12,0.237443,3.752052
p03102,Variable_Renaming,263,64,11,0.243346,3.70884
p02688,Variable_Renaming,172,49,15,0.284884,3.455893
p02829,Variable_Renaming,36,26,25,0.722222,3.611348
p02628,Variable_Renaming,239,69,15,0.288703,3.541254
p03160,Variable_Renaming,224,50,20,0.223214,3.573413
p03352,Variable_Renaming,177,54,12,0.305085,3.457679
p02414,Variable_Renaming,74,23,22,0.310811,2.935023
p02887,Variable_Renaming,143,39,11,0.272727,3.571333
p02413,Variable_Renaming,54,18,17,0.333333,2.911509
p02621,Variable_Renaming,110,29,12,0.263636,3.631406
p02880,Variable_Renaming,43,30,27,0.697674,3.473368
p03478,Variable_Renaming,166,57,17,0.343373,3.636678
p02753,Variable_Renaming,88,30,20,0.340909,3.153044
p02595,Variable_Renaming,237,63,13,0.265823,3.428669
p02754,Variable_Renaming,114,32,11,0.280702,3.803722
p00003,Variable_Renaming,62,21,20,0.33871,3.328329
p03449,Variable_Renaming,31,25,21,0.806452,3.25711
p03644,Variable_Renaming,33,17,15,0.515152,3.762975
p03012,Variable_Renaming,152,36,15,0.236842,3.706428
p03220,Variable_Renaming,156,39,11,0.25,3.806008
p03471,Variable_Renaming,154,44,13,0.285714,3.447981
p02791,Variable_Renaming,210,58,15,0.27619,3.430998
p02731,Variable_Renaming,78,25,20,0.320513,3.151349
p03041,Variable_Renaming,121,32,11,0.264463,3.864788
p02399,Variable_Renaming,26,7,6,0.269231,4.095877
p02390,Variable_Renaming,48,12,11,0.25,3.157417
p03242,Variable_Renaming,50,16,15,0.32,2.936175
p02700,Variable_Renaming,24,13,12,0.541667,3.746419
p03289,Variable_Renaming,120,53,35,0.441667,3.311593
p02707,Variable_Renaming,233,61,13,0.261803,3.422078
p02397,Variable_Renaming,33,12,11,0.363636,3.424044
p02952,Variable_Renaming,209,57,13,0.272727,3.424105
p02790,Variable_Renaming,204,56,15,0.27451,3.484798
p03470,Variable_Renaming,122,32,11,0.262295,3.79015
p03448,Variable_Renaming,63,42,41,0.666667,2.918848
p02909,Variable_Renaming,133,38,11,0.285714,3.893726
p03013,Variable_Renaming,87,23,22,0.264368,2.841648
p02755,Variable_Renaming,62,17,15,0.274194,3.255141
p00002,Variable_Renaming,34,16,15,0.470588,3.611911
p03680,Variable_Renaming,190,55,15,0.289474,3.492055
p00005,Variable_Renaming,44,15,14,0.340909,3.019199
p02396,Variable_Renaming,28,8,7,0.285714,3.906271
p03076,Variable_Renaming,98,44,43,0.44898,2.78419
p02706,Variable_Renaming,157,49,9,0.312102,3.647434
p02953,Variable_Renaming,44,15,14,0.340909,3.109273
p02701,Variable_Renaming,115,33,11,0.286957,3.890295
p03071,Variable_Renaming,128,35,11,0.273438,3.887889
p02391,Variable_Renaming,20,17,16,0.85,3.690291
p03243,Variable_Renaming,34,20,19,0.588235,3.780685
p03281,Variable_Renaming,44,19,16,0.431818,3.438637
p02398,Variable_Renaming,27,16,15,0.592593,3.17749
p02730,Variable_Renaming,61,20,17,0.327869,3.474232
